0,AACI,9.98
1,AACIW,0.04
2,AADI,12.95
3,AAL,14.00
4,AAME,2.99
5,AAOI,2.80
6,AAON,65.15
7,AAPL,155.74
8,AATC,4.385
9,AAWW,100.86
10,ABCB,51.79
11,ABEO,4.40
12,ABGI,9.96
13,ABIO,2.1756
14,ABMD,258.06
15,ABNB,115.21
16,ABOS,7.16
17,ABSI,3.22
18,ABVC,0.7394
19,ACAB,10.07
20,ACABU,10.05
21,ACABW,0.01
22,ACAC,10.41
23,ACACU,10.00
24,ACAD,16.13
25,ACAH,9.92
26,ACAHU,9.88
27,ACAHW,0.09
28,ACAX,9.91
29,ACAXU,10.09
30,ACAXW,0.05
31,ACCD,11.01
32,ACER,1.22
33,ACET,17.19
34,ACEV,10.26
35,ACEVU,10.25
36,ACEVW,0.0885
37,ACHC,83.05
38,ACHV,2.25
39,ACIW,24.74
40,ACLS,59.87
41,ACLX,22.01
42,ACMR,6.82
43,ACNB,35.75
44,ACNT,14.58
45,ACON,1.01
46,ACONW,0.169
47,ACOR,0.655
48,ACQR,9.97
49,ACQRU,9.98
50,ACQRW,0.08
51,ACRS,15.37
52,ACRX,2.77
53,ACT,25.75
54,ACTG,3.90
55,ACVA,8.98
56,ACXP,3.29
57,ADALU,10.13
58,ADALW,0.1496
59,ADBE,325.68
60,ADEA,10.46
61,ADER,9.995
62,ADERW,0.2786
63,ADES,3.00
64,ADI,144.88
65,ADIL,0.31
66,ADMA,2.82
67,ADMP,0.1406
68,ADN,2.23
69,ADNWW,0.33
70,ADOC,10.33
71,ADOCR,0.062
72,ADOCW,0.0137
73,ADP,242.64
74,ADPT,7.61
75,ADSK,216.39
76,ADTH,2.24
77,ADTHW,0.1871
78,ADTN,22.50
79,ADTX,2.68
80,ADUS,105.27
81,ADV,3.33
82,ADVM,0.9051
83,ADVWW,0.23
84,AEAC,9.99
85,AEACU,10.00
86,AEACW,0.02
87,AEAE,10.02
88,AEAEU,10.04
89,AEAEW,0.1208
90,AEHA,10.24
91,AEHAW,0.11
92,AEHR,21.85
93,AEI,0.2072
94,AEIS,79.02
95,AEMD,0.4832
96,AEP,89.40
97,AEPPZ,50.84
98,AERC,3.42
99,AERI,15.22
100,AESE,1.1787
101,AEY,1.96
102,AEYE,5.6312
103,AFAC,10.10
104,AFACU,10.20
105,AFACW,0.085
106,AFAQ,9.91
107,AFAQU,9.91
108,AFAQW,0.07
109,AFBI,14.41
110,AFCG,17.07
111,AFIB,0.7301
112,AFRM,20.32
113,AGEN,2.55
114,AGFS,2.79
115,AGFY,1.74
116,AGGR,9.95
117,AGGRW,0.0214
118,AGIL,4.5001
119,AGILW,0.42
120,AGIO,28.66
121,AGLE,0.92
122,AGNC,8.18
123,AGNCL,21.15
124,AGNCM,18.70
125,AGNCN,23.80
126,AGNCO,19.42
127,AGNCP,18.58
128,AGRX,0.2691
129,AGTC,0.41
130,AGYS,62.90
131,AHCO,22.92
132,AHPA,6.61
133,AHPAU,8.48
134,AHPAW,0.6404
135,AHPI,1.25
136,AIBBU,10.11
137,AIKI,6.00
138,AIMAW,0.0601
139,AIMBU,9.8787
140,AIMC,60.10
141,AIMD,1.20
142,AIMDW,0.48
143,AIP,5.51
144,AIRG,7.26
145,AIRS,6.84
146,AIRT,21.1062
147,AIRTP,22.50
148,AKAM,89.21
149,AKBA,0.26
150,AKIC,10.01
151,AKICW,0.0048
152,AKLI,2.00
153,AKRO,40.81
154,AKTS,3.28
155,AKU,1.79
156,AKUS,13.17
157,AKYA,13.67
158,ALBO,21.20
159,ALCO,30.54
160,ALDX,5.60
161,ALEC,9.52
162,ALGM,25.36
163,ALGN,188.62
164,ALGS,1.05
165,ALGT,73.00
166,ALHC,13.00
167,ALIM,5.25
168,ALKT,15.58
169,ALLK,5.96
170,ALLO,10.77
171,ALLR,0.58
172,ALNY,204.51
173,ALOR,10.10
174,ALORU,10.12
175,ALORW,0.0201
176,ALOT,11.945
177,ALPA,9.80
178,ALPAU,9.78
179,ALPAW,0.1034
180,ALPN,5.92
181,ALPP,0.76
182,ALR,0.94
183,ALRM,60.93
184,ALRN,0.2002
185,ALRS,22.26
186,ALSA,10.13
187,ALSAU,10.25
188,ALSAW,0.023
189,ALT,12.77
190,ALTO,4.11
191,ALTR,48.98
192,ALTU,9.9301
193,ALTUW,0.095
194,ALVR,6.77
195,ALXO,12.51
196,ALZN,1.13
197,AMAL,23.33
198,AMAO,10.03
199,AMAOW,0.034
200,AMAT,89.72
201,AMBA,56.88
202,AMCI,9.81
203,AMCIU,9.95
204,AMCIW,0.20
205,AMCX,22.66
206,AMD,62.01
207,AMED,97.63
208,AMEH,35.16
209,AMGN,273.81
210,AMKR,20.80
211,AMLX,36.36
212,AMNB,36.68
213,AMOT,33.51
214,AMPG,2.36
215,AMPGW,0.43
216,AMPH,30.98
217,AMPL,16.49
218,AMRK,30.12
219,AMRS,2.95
220,AMSC,4.27
221,AMSF,58.67
222,AMST,0.2308
223,AMSWA,17.05
224,AMTB,29.95
225,AMTI,0.8938
226,AMTX,7.21
227,AMV,13.19
228,AMWD,46.22
229,AMZN,103.41
230,ANAB,28.89
231,ANDE,34.98
232,ANEB,2.50
233,ANGI,2.14
234,ANGN,1.00
235,ANGO,13.49
236,ANIK,28.60
237,ANIP,38.93
238,ANIX,5.45
239,ANNX,4.90
240,ANSS,220.89
241,ANTX,15.06
242,ANZU,9.93
243,ANZUU,9.91
244,ANZUW,0.0685
245,AOGO,10.01
246,AOGOU,10.01
247,AOGOW,0.06
248,AOUT,8.96
249,APA,45.44
250,APAC,10.15
251,APACU,10.12
252,APACW,0.0293
253,APCX,0.7388
254,APCXW,0.2496
255,APDN,1.74
256,APEI,13.00
257,APEN,6.27
258,APGN,2.65
259,APGNW,0.0798
260,APLD,2.22
261,APLS,60.60
262,APLT,0.7252
263,APMI,9.79
264,APMIW,0.0301
265,APOG,46.06
266,APP,17.39
267,APPF,122.49
268,APPH,2.10
269,APPHW,0.335
270,APPN,49.70
271,APPS,14.82
272,APRE,0.6894
273,APTM,9.87
274,APTMU,9.88
275,APTMW,0.082
276,APTX,0.297
277,APVO,2.99
278,APYX,4.89
279,AQB,0.6966
280,AQMS,0.8254
281,AQST,0.8599
282,AQU,9.90
283,AQUNR,0.2813
284,AQUNU,10.13
285,ARAV,1.06
286,ARAY,2.09
287,ARBG,10.03
288,ARBGU,10.0299
289,ARBGW,0.0202
290,ARCB,77.36
291,ARCC,19.60
292,ARCK,10.24
293,ARCKU,10.23
294,ARCKW,0.04
295,ARDS,0.978
296,ARDX,1.45
297,AREB,0.259
298,AREBW,0.062
299,AREC,2.24
300,ARGUU,10.11
301,ARGUW,0.06
302,ARHS,8.36
303,ARKO,9.76
304,ARKOW,2.02
305,ARKR,20.76
306,ARLP,24.24
307,AROW,34.26
308,ARQT,17.50
309,ARRW,9.9499
310,ARRWW,0.02
311,ARRY,17.49
312,ARTE,10.00
313,ARTEU,10.05
314,ARTL,3.04
315,ARTLW,0.08
316,ARTNA,53.55
317,ARTW,2.08
318,ARVN,50.92
319,ARWR,35.87
320,ARYD,9.98
321,ARYE,9.88
322,ASAX,9.91
323,ASAXW,0.0395
324,ASLE,20.78
325,ASMB,1.65
326,ASNS,0.725
327,ASO,44.54
328,ASPA,10.04
329,ASPAU,10.10
330,ASPAW,0.0699
331,ASPU,0.3971
332,ASRT,2.61
333,ASRV,4.08
334,ASTC,0.395
335,ASTE,43.40
336,ASTI,2.80
337,ASTR,0.5972
338,ASTS,6.52
339,ASTSW,2.46
340,ASUR,6.10
341,ASYS,8.63
342,ATAK,10.10
343,ATAKR,0.0552
344,ATAKU,10.14
345,ATAKW,0.0173
346,ATAX,18.84
347,ATCX,7.73
348,ATEC,10.25
349,ATER,1.10
350,ATEX,34.46
351,ATHA,3.36
352,ATHX,2.53
353,ATLC,29.44
354,ATLCL,21.26
355,ATLCP,20.50
356,ATLO,22.40
357,ATNF,0.4536
358,ATNFW,0.0874
359,ATNI,42.91
360,ATNX,0.193
361,ATOM,9.78
362,ATOS,0.98
363,ATRA,4.83
364,ATRC,41.91
365,ATRI,601.14
366,ATRO,9.14
367,ATSG,28.83
368,ATVI,72.85
369,ATXI,2.52
370,ATXS,9.195
371,AUB,34.60
372,AUBAP,23.70
373,AUBN,24.00
374,AUGX,1.42
375,AUID,1.40
376,AUR,2.09
377,AURA,13.00
378,AUROW,0.34
379,AUUD,1.14
380,AUUDW,0.4013
381,AUVI,1.0611
382,AUVIP,24.17
383,AVAC,10.07
384,AVACU,10.08
385,AVAH,1.44
386,AVAV,90.14
387,AVCO,0.4201
388,AVCT,1.28
389,AVCTW,0.0407
390,AVDX,9.05
391,AVEO,14.78
392,AVGO,472.90
393,AVGR,1.0395
394,AVHIW,0.0499
395,AVID,27.35
396,AVIR,5.90
397,AVNW,32.48
398,AVO,16.52
399,AVPT,4.33
400,AVPTW,0.6898
401,AVRO,0.68
402,AVT,40.08
403,AVTE,19.67
404,AVTX,6.10
405,AVXL,12.26
406,AWH,0.3948
407,AWRE,1.62
408,AXDX,1.28
409,AXGN,11.16
410,AXLA,1.33
411,AXNX,71.90
412,AXON,142.07
413,AXSM,42.32
414,AXTI,4.60
415,AYRO,0.6019
416,AYTU,0.1674
417,AZPN,240.57
418,AZTA,45.55
419,AZYO,7.50
420,BACK,0.4075
421,BAFN,16.63
422,BAND,12.20
423,BANF,95.71
424,BANFP,28.4499
425,BANR,73.82
426,BANX,17.15
427,BASE,13.07
428,BATRA,32.34
429,BATRK,31.94
430,BBBY,4.59
431,BBCP,6.44
432,BBGI,1.07
433,BBIG,0.92
434,BBIO,10.99
435,BBLG,0.485
436,BBSI,86.76
437,BCAB,6.905
438,BCBP,19.99
439,BCDA,1.98
440,BCEL,1.50
441,BCLI,3.41
442,BCML,19.30
443,BCOR,22.17
444,BCOV,6.73
445,BCOW,10.05
446,BCPC,140.14
447,BCRX,14.04
448,BDSX,1.01
449,BDTX,2.21
450,BEAM,48.74
451,BEAT,3.24
452,BEATW,0.60
453,BECN,56.32
454,BEEM,11.55
455,BEEMW,6.5965
456,BELFA,31.83
457,BELFB,34.52
458,BENE,10.44
459,BENER,0.004
460,BENEU,10.42
461,BENEW,0.0077
462,BFC,85.80
463,BFIN,9.93
464,BFRI,1.07
465,BFRIW,0.4915
466,BFST,24.71
467,BGCP,3.98
468,BGFV,12.95
469,BGRY,1.43
470,BGRYW,0.159
471,BGXX,0.5563
472,BHAC,9.97
473,BHACU,9.93
474,BHF,57.16
475,BHFAL,22.64
476,BHFAM,15.69
477,BHFAN,18.30
478,BHFAO,22.87
479,BHFAP,22.78
480,BHSE,11.95
481,BHSEU,12.96
482,BHSEW,0.12
483,BIAF,2.80
484,BIAFW,0.4522
485,BIGC,14.81
486,BIIB,284.29
487,BIOC,0.82
488,BIOL,2.00
489,BIOR,0.40
490,BIOS,10.12
491,BIOSU,10.11
492,BIOSW,0.09
493,BIOT,9.97
494,BIOTU,9.98
495,BIOTW,0.0301
496,BIRD,3.34
497,BIVI,3.93
498,BJDX,0.8379
499,BJRI,32.59
500,BKCC,3.68
501,BKNG,1871.72
502,BKR,27.24
503,BKSC,16.60
504,BKYI,1.62
505,BL,57.10
506,BLBD,9.05
507,BLBX,0.53
508,BLCM,1.05
509,BLDE,4.32
510,BLDEW,0.70
511,BLEU,9.92
512,BLEUR,0.1098
513,BLEUU,10.00
514,BLEUW,0.0631
515,BLFS,23.33
516,BLFY,12.18
517,BLI,2.07
518,BLIN,1.41
519,BLKB,53.97
520,BLMN,23.46
521,BLNG,9.94
522,BLNGU,9.95
523,BLNGW,0.10
524,BLNK,14.47
525,BLNKW,10.11
526,BLPH,1.07
527,BLTE,28.78
528,BLTS,10.03
529,BLTSU,10.01
530,BLTSW,0.0098
531,BLUE,6.24
532,BLZE,4.95
533,BMAQ,10.19
534,BMAQR,0.08
535,BMAQU,10.25
536,BMAQW,0.025
537,BMBL,25.50
538,BMEA,10.28
539,BMRA,3.19
540,BMRC,36.69
541,BMRN,86.77
542,BNFT,6.83
543,BNGO,2.28
544,BNGOW,0.2986
545,BNIX,10.04
546,BNIXR,0.0764
547,BNIXW,0.035
548,BNNR,9.98
549,BNNRU,10.35
550,BNNRW,0.03
551,BNOX,8.25
552,BNTC,0.1928
553,BOCN,10.09
554,BOCNU,10.11
555,BOCNW,0.10
556,BOKF,108.87
557,BOLT,1.40
558,BOOM,20.81
559,BOTJ,11.9399
560,BOXL,0.5242
561,BPAC,10.12
562,BPACU,10.1001
563,BPACW,0.06
564,BPMC,53.04
565,BPOP,70.65
566,BPOPM,25.60
567,BPRN,31.47
568,BPTH,3.28
569,BRAC,10.02
570,BRACU,10.16
571,BREZ,10.37
572,BREZR,0.051
573,BREZW,0.026
574,BRFH,1.93
575,BRID,12.4399
576,BRIV,9.86
577,BRIVU,9.96
578,BRIVW,0.207
579,BRKH,10.03
580,BRKHU,9.98
581,BRKHW,0.02
582,BRKL,13.65
583,BRKR,61.33
584,BRLT,8.29
585,BRP,29.23
586,BRTX,3.422
587,BRY,8.89
588,BRZE,29.70
589,BSBK,11.16
590,BSET,17.91
591,BSFC,0.9497
592,BSGM,0.5104
593,BSKY,9.89
594,BSKYU,9.86
595,BSQR,1.14
596,BSRR,22.02
597,BSVN,24.99
598,BSY,35.42
599,BTAI,12.63
600,BTBD,2.29
601,BTBT,1.07
602,BTCS,1.30
603,BTCY,1.29
604,BTMD,4.41
605,BTOG,0.259
606,BTRS,9.42
607,BTTX,1.57
608,BUSE,25.70
609,BVS,7.90
610,BWAC,10.39
611,BWACW,0.0464
612,BWAQ,10.12
613,BWAQR,0.08
614,BWAQU,10.09
615,BWAQW,0.02
616,BWB,18.88
617,BWBBP,19.97
618,BWEN,1.75
619,BWFG,30.72
620,BWMN,15.42
621,BWV,1.22
622,BXRX,0.2027
623,BYFC,1.12
624,BYND,15.52
625,BYRN,6.90
626,BYSI,0.80
627,BYTS,9.965
628,BZFD,1.84
629,BZFDW,0.1199
630,CABA,1.71
631,CAC,43.42
632,CACC,471.42
633,CADL,1.94
634,CAKE,36.21
635,CALA,2.69
636,CALB,22.10
637,CALM,56.87
638,CAMP,3.73
639,CANB,2.27
640,CAPR,5.59
641,CAR,243.34
642,CARA,9.69
643,CARE,17.75
644,CARG,14.18
645,CARV,4.61
646,CASA,3.24
647,CASH,42.04
648,CASI,1.95
649,CASS,43.26
650,CASY,231.35
651,CATC,88.09
652,CATY,44.98
653,CBAN,13.72
654,CBAY,3.44
655,CBFV,21.755
656,CBIO,0.5808
657,CBNK,24.96
658,CBRG,10.15
659,CBRGU,10.13
660,CBRL,114.87
661,CBSH,70.76
662,CCAIU,9.935
663,CCAP,13.67
664,CCB,45.48
665,CCBG,35.13
666,CCCC,9.54
667,CCD,21.76
668,CCLP,1.229
669,CCNE,25.34
670,CCNEP,24.925
671,CCOI,53.45
672,CCRN,38.10
673,CCSI,55.24
674,CCTS,10.14
675,CCTSU,10.14
676,CCTSW,0.05
677,CDAK,0.716
678,CDAQ,9.86
679,CDAQU,9.86
680,CDAQW,0.0771
681,CDIO,3.17
682,CDIOW,0.0898
683,CDLX,9.73
684,CDMO,17.74
685,CDNA,19.81
686,CDNS,151.48
687,CDTX,0.6166
688,CDW,172.88
689,CDXC,1.55
690,CDXS,5.68
691,CDZI,1.95
692,CDZIP,11.5999
693,CEAD,0.9701
694,CEADW,0.17
695,CECE,11.82
696,CEG,93.75
697,CELC,10.24
698,CELH,91.72
699,CELU,2.34
700,CELUW,0.3399
701,CELZ,0.4079
702,CEMI,0.32
703,CENQ,10.10
704,CENQW,0.1645
705,CENT,41.51
706,CENTA,39.45
707,CENX,7.16
708,CERE,28.73
709,CERS,3.68
710,CERT,12.04
711,CETX,0.1906
712,CETXP,0.5565
713,CEVA,27.62
714,CFB,13.95
715,CFBK,22.14
716,CFFE,10.3422
717,CFFEU,10.39
718,CFFEW,0.0698
719,CFFI,57.70
720,CFFN,8.00
721,CFFS,10.01
722,CFFSU,10.03
723,CFIV,10.00
724,CFIVU,9.99
725,CFIVW,0.035
726,CFLT,26.83
727,CFMS,0.12
728,CFRX,0.1761
729,CFSB,8.8701
730,CG,28.78
731,CGABL,16.28
732,CGBD,12.62
733,CGEM,13.62
734,CGNX,47.11
735,CGO,9.14
736,CGRN,2.10
737,CGTX,1.95
738,CHCI,3.90
739,CHCO,101.77
740,CHDN,203.35
741,CHEF,36.50
742,CHG,1.34
743,CHI,10.91
744,CHK,97.86
745,CHKEL,78.50
746,CHKEW,83.35
747,CHKEZ,79.86
748,CHMG,42.30
749,CHRD,151.07
750,CHRS,8.69
751,CHRW,97.80
752,CHSCL,25.68
753,CHSCM,24.25
754,CHSCN,24.84
755,CHSCO,25.66
756,CHSCP,27.30
757,CHTR,368.24
758,CHUY,29.37
759,CHW,5.69
760,CHX,28.39
761,CHY,11.02
762,CIDM,0.532
763,CIFR,1.15
764,CIFRW,0.1024
765,CINC,34.89
766,CINF,102.49
767,CING,1.07
768,CINGW,0.2621
769,CISO,3.51
770,CITE,10.23
771,CITEU,10.17
772,CITEW,0.05
773,CIVB,23.41
774,CIZN,14.6001
775,CKPT,0.9774
776,CLAR,12.40
777,CLAY,10.0801
778,CLBK,19.38
779,CLDX,35.47
780,CLFD,122.62
781,CLIN,9.92
782,CLINR,0.12
783,CLINU,10.05
784,CLIR,0.7876
785,CLMT,18.92
786,CLNE,6.59
787,CLNN,1.01
788,CLNNW,0.0791
789,CLOE,10.94
790,CLOER,0.08
791,CLOV,1.57
792,CLPT,10.28
793,CLRB,2.10
794,CLRM,9.93
795,CLRMW,0.04
796,CLRO,0.5681
797,CLSD,1.14
798,CLSK,3.66
799,CLST,13.05
800,CLVS,1.09
801,CLXT,0.139
802,CMAX,6.96
803,CMAXW,1.33
804,CMCA,10.194
805,CMCAW,0.0387
806,CMCO,28.13
807,CMCSA,31.95
808,CMCT,6.81
809,CMCTP,27.45
810,CME,174.75
811,CMLS,7.59
812,CMPO,5.21
813,CMPOW,0.87
814,CMPX,3.18
815,CMRA,1.59
816,CMRAW,0.0621
817,CMRX,1.82
818,CMTL,10.87
819,CNCE,6.03
820,CNDT,4.10
821,CNFR,1.50
822,CNFRL,23.00
823,CNGL,10.18
824,CNGLU,10.25
825,CNGLW,0.0218
826,CNNB,14.76
827,CNOB,24.89
828,CNOBP,19.80
829,CNSL,5.03
830,CNSP,0.18
831,CNTX,1.26
832,CNTY,7.74
833,CNXA,0.2576
834,CNXC,122.25
835,CNXN,52.35
836,COCO,10.82
837,COCP,2.25
838,CODA,6.4056
839,CODX,3.34
840,COFS,22.75
841,COGT,14.05
842,COHR,34.42
843,COHU,33.66
844,COIN,72.07
845,COKE,492.05
846,COLB,33.56
847,COLI,9.92
848,COLIU,9.915
849,COLIW,0.0201
850,COLL,18.22
851,COLM,77.06
852,COMM,13.42
853,COMS,0.062
854,COMSP,1.654
855,COMSW,0.0276
856,CONN,8.00
857,CONX,10.045
858,CONXU,10.0646
859,CONXW,0.1758
860,COOL,10.02
861,COOLU,10.01
862,COOLW,0.01
863,COOP,40.16
864,CORT,28.44
865,CORZ,0.1961
866,CORZW,0.0432
867,COSM,0.087
868,COST,510.87
869,COUP,52.19
870,COVA,10.00
871,COVAW,0.0498
872,COWN,38.76
873,COWNL,25.1201
874,CPAA,9.77
875,CPAAU,10.09
876,CPAAW,0.12
877,CPAQ,10.14
878,CPAQU,10.13
879,CPAQW,0.06
880,CPAR,9.94
881,CPARU,9.9101
882,CPARW,0.07
883,CPHC,22.74
884,CPIX,2.52
885,CPRT,116.36
886,CPRX,14.19
887,CPSH,2.98
888,CPSI,32.09
889,CPSS,6.24
890,CPTN,2.25
891,CPTNW,0.2392
892,CPZ,15.78
893,CRAI,101.94
894,CRBP,0.128
895,CRBU,9.77
896,CRCT,9.11
897,CRDF,1.56
898,CRDO,13.72
899,CREX,0.63
900,CREXW,0.029
901,CRGE,2.16
902,CRIS,0.789
903,CRKN,0.2573
904,CRMD,3.17
905,CRMT,68.73
906,CRNC,16.94
907,CRNX,18.75
908,CROX,71.81
909,CRSR,13.73
910,CRUS,68.78
911,CRVL,162.23
912,CRVS,0.875
913,CRWD,163.65
914,CRWS,5.81
915,CRZN,9.96
916,CRZNU,9.96
917,CRZNW,0.0172
918,CSBR,7.08
919,CSCO,45.64
920,CSCW,1.12
921,CSGP,82.88
922,CSGS,65.01
923,CSII,14.81
924,CSLM,9.995
925,CSLMR,0.09
926,CSLMU,10.08
927,CSLMW,0.0325
928,CSPI,7.505
929,CSQ,13.70
930,CSSE,7.00
931,CSSEL,0.059
932,CSSEN,25.20
933,CSSEP,22.86
934,CSTL,23.43
935,CSTR,16.91
936,CSWC,18.65
937,CSWI,130.02
938,CSX,29.22
939,CTAQ,10.00
940,CTAQU,9.995
941,CTAQW,0.0148
942,CTAS,427.64
943,CTBI,47.56
944,CTG,7.53
945,CTHR,1.0128
946,CTIB,0.67
947,CTIC,4.96
948,CTKB,15.57
949,CTLP,3.27
950,CTMX,1.35
951,CTRN,22.51
952,CTSH,63.02
953,CTSO,1.74
954,CTXR,1.12
955,CUBA,4.07
956,CUE,2.66
957,CUEN,0.3655
958,CULL,10.97
959,CURI,1.23
960,CURIW,0.11
961,CUTR,46.15
962,CVBF,28.48
963,CVCO,233.34
964,CVCY,18.69
965,CVGI,4.87
966,CVGW,34.53
967,CVLG,35.53
968,CVLT,61.67
969,CVLY,20.25
970,CVRX,10.40
971,CVT,5.82
972,CVV,6.12
973,CWBC,14.35
974,CWBR,2.09
975,CWST,80.21
976,CXDO,2.50
977,CYAN,1.99
978,CYBE,53.95
979,CYCC,1.42
980,CYCCP,8.76
981,CYCN,0.5764
982,CYN,1.04
983,CYRN,1.14
984,CYRX,28.97
985,CYT,1.84
986,CYTH,1.95
987,CYTHW,0.5141
988,CYTK,43.24
989,CYXT,2.61
990,CZFS,69.00
991,CZNC,23.80
992,CZR,44.10
993,CZWI,12.83
994,DAIO,3.80
995,DAKT,3.39
996,DALN,4.75
997,DAOO,10.09
998,DAOOU,10.08
999,DAOOW,0.031
1000,DARE,0.9797
1001,DATS,0.5986
1002,DATSW,0.10
1003,DAVE,0.3051
1004,DAVEW,0.0375
1005,DAWN,21.35
1006,DBGI,0.0698
1007,DBGIW,0.0076
1008,DBTX,3.66
1009,DBX,22.02
1010,DCGO,9.63
1011,DCOM,35.50
1012,DCOMP,19.3215
1013,DCPH,17.29
1014,DCRD,10.09
1015,DCRDU,10.38
1016,DCRDW,0.59
1017,DCT,12.17
1018,DCTH,2.85
1019,DDOG,81.13
1020,DECA,10.15
1021,DECAU,10.17
1022,DECAW,0.07
1023,DENN,11.36
1024,DERM,2.27
1025,DFFN,5.06
1026,DFLI,8.0001
1027,DFLIW,0.24
1028,DGICA,14.72
1029,DGICB,16.10
1030,DGII,39.77
1031,DGLY,0.3526
1032,DGNU,9.89
1033,DH,15.74
1034,DHAC,10.57
1035,DHBC,9.91
1036,DHBCU,9.90
1037,DHBCW,0.0101
1038,DHC,1.30
1039,DHCA,9.95
1040,DHCAU,9.96
1041,DHCAW,0.0859
1042,DHCNI,11.65
1043,DHCNL,12.53
1044,DHHC,9.91
1045,DHHCU,9.93
1046,DHIL,181.01
1047,DIBS,7.02
1048,DICE,34.52
1049,DIOD,72.36
1050,DISA,9.96
1051,DISH,15.40
1052,DJCO,273.99
1053,DKNG,15.12
1054,DLCA,9.99
1055,DLCAU,9.99
1056,DLCAW,0.0212
1057,DLHC,12.80
1058,DLPN,3.00
1059,DLTH,8.58
1060,DLTR,158.55
1061,DMAC,1.23
1062,DMAQ,10.07
1063,DMAQR,0.0351
1064,DMLP,27.67
1065,DMRC,16.01
1066,DMTK,3.31
1067,DNAB,9.90
1068,DNAD,9.89
1069,DNAY,1.69
1070,DNLI,29.62
1071,DNUT,14.40
1072,DOCU,48.73
1073,DOMO,18.20
1074,DORM,82.33
1075,DPCS,10.15
1076,DPCSU,10.03
1077,DRAY,10.05
1078,DRAYU,10.05
1079,DRAYW,0.021
1080,DRCT,2.67
1081,DRCTW,0.30
1082,DRMA,0.6924
1083,DRMAW,0.0322
1084,DRRX,0.62
1085,DRVN,31.56
1086,DSEY,5.36
1087,DSGN,16.10
1088,DSGR,29.63
1089,DSKE,6.03
1090,DSP,4.81
1091,DTIL,1.42
1092,DTOC,9.94
1093,DTOCU,9.94
1094,DTOCW,0.085
1095,DTRT,10.21
1096,DTRTU,10.30
1097,DTRTW,0.251
1098,DTST,2.02
1099,DTSTW,0.1275
1100,DUNE,9.726
1101,DUNEW,0.0201
1102,DUOL,83.15
1103,DUOT,3.49
1104,DVAX,11.73
1105,DWAC,17.07
1106,DWACU,18.86
1107,DWACW,3.89
1108,DWSN,1.91
1109,DXCM,120.87
1110,DXLG,6.75
1111,DXPE,28.10
1112,DXR,11.79
1113,DXYN,1.1148
1114,DYAI,2.32
1115,DYN,11.58
1116,DYNT,0.463
1117,DZSI,15.37
1118,EA,128.24
1119,EAC,9.95
1120,EACPU,9.95
1121,EACPW,0.0719
1122,EAR,0.645
1123,EAST,0.3028
1124,EBAY,40.32
1125,EBC,19.36
1126,EBET,0.9352
1127,EBIX,20.40
1128,EBMT,19.09
1129,EBTC,32.04
1130,ECBK,15.79
1131,ECOR,0.2531
1132,ECPG,50.81
1133,EDBL,0.7125
1134,EDBLW,0.0173
1135,EDIT,12.74
1136,EDSA,1.01
1137,EDUC,2.588
1138,EEFT,86.35
1139,EEIQ,1.22
1140,EFHTU,10.01
1141,EFOI,0.40
1142,EFSC,53.28
1143,EFSCP,17.70
1144,EFTR,0.6196
1145,EFTRW,0.1563
1146,EGAN,7.90
1147,EGBN,45.35
1148,EGIO,2.74
1149,EGLE,48.83
1150,EGRX,32.93
1151,EHTH,2.86
1152,EIGR,5.12
1153,EKSO,1.46
1154,ELDN,2.31
1155,ELEV,1.08
1156,ELOX,0.16
1157,ELSE,4.60
1158,ELYM,3.32
1159,ELYS,0.3361
1160,EMBC,31.10
1161,EMBK,6.51
1162,EMBKW,0.05
1163,EMCF,30.80
1164,EMCG,10.12
1165,EMCGU,10.20
1166,EMCGW,0.0375
1167,EMKR,1.55
1168,EML,21.43
1169,EMLD,9.93
1170,ENER,9.94
1171,ENERR,0.0652
1172,ENERW,0.0226
1173,ENG,1.02
1174,ENOB,2.12
1175,ENPH,305.25
1176,ENSC,3.88
1177,ENSG,89.96
1178,ENTA,47.40
1179,ENTF,10.15
1180,ENTFU,10.16
1181,ENTFW,0.04
1182,ENTG,80.89
1183,ENVB,3.45
1184,ENVX,18.50
1185,EOLS,8.45
1186,EOSE,1.42
1187,EOSEW,0.36
1188,EPHY,9.95
1189,EPHYU,9.95
1190,EPHYW,0.053
1191,EPSN,6.94
1192,EQ,1.75
1193,EQBK,35.45
1194,EQIX,568.05
1195,EQRX,5.40
1196,EQRXW,0.92
1197,ERAS,7.99
1198,ERES,10.07
1199,ERESW,0.18
1200,ERIE,249.31
1201,ERII,25.55
1202,ERNA,3.52
1203,ESACU,10.18
1204,ESACW,0.09
1205,ESCA,11.15
1206,ESOA,2.70
1207,ESPR,7.99
1208,ESQ,44.14
1209,ESSA,20.57
1210,ESSC,10.40
1211,ESSCR,0.50
1212,ESSCU,10.91
1213,ESSCW,0.091
1214,ETNB,9.29
1215,ETON,2.71
1216,ETSY,97.91
1217,EUCR,9.97
1218,EUCRU,10.04
1219,EUCRW,0.0539
1220,EVBG,32.27
1221,EVCM,8.80
1222,EVER,5.84
1223,EVGO,7.51
1224,EVGOW,1.80
1225,EVLO,2.11
1226,EVLV,2.90
1227,EVLVW,0.4614
1228,EVOJ,9.92
1229,EVOK,1.79
1230,EVOP,33.48
1231,EVTV,3.43
1232,EWBC,71.64
1233,EWCZ,14.66
1234,EWTX,9.44
1235,EXAS,34.58
1236,EXC,38.76
1237,EXEL,16.63
1238,EXFY,12.87
1239,EXLS,176.10
1240,EXPD,97.88
1241,EXPE,96.75
1242,EXPI,13.14
1243,EXPO,94.09
1244,EXTR,17.86
1245,EYE,37.23
1246,EYEN,2.18
1247,EYPT,5.49
1248,EZFL,0.6165
1249,EZPW,9.49
1250,FA,14.40
1251,FANG,153.82
1252,FARM,5.14
1253,FARO,29.30
1254,FAST,48.69
1255,FAT,8.02
1256,FATBB,6.75
1257,FATBP,18.40
1258,FATBW,4.40
1259,FATE,21.80
1260,FAZE,3.46
1261,FAZEW,0.29
1262,FBIO,0.82
1263,FBIOP,19.40
1264,FBIZ,36.65
1265,FBMS,32.60
1266,FBNC,44.41
1267,FBRX,1.095
1268,FCAP,24.2732
1269,FCBC,36.99
1270,FCCO,18.72
1271,FCEL,3.06
1272,FCFS,95.15
1273,FCNCA,807.67
1274,FCNCO,20.23
1275,FCNCP,20.90
1276,FCRD,4.02
1277,FCUV,10.07
1278,FDBC,47.29
1279,FDMT,8.88
1280,FDUS,18.74
1281,FEAM,12.94
1282,FEIM,5.35
1283,FELE,81.15
1284,FEMY,1.2604
1285,FENC,8.42
1286,FEXD,10.07
1287,FEXDU,10.13
1288,FFBC,25.85
1289,FFBW,11.87
1290,FFIC,20.08
1291,FFIE,0.5101
1292,FFIEW,0.0789
1293,FFIN,38.07
1294,FFIV,145.26
1295,FFNW,15.0322
1296,FFWM,16.15
1297,FGBI,24.00
1298,FGBIP,24.6816
1299,FGEN,17.12
1300,FGF,2.15
1301,FGFPP,17.05
1302,FGI,2.85
1303,FGIWW,0.3501
1304,FGMC,10.0397
1305,FGMCU,10.05
1306,FGMCW,0.08
1307,FHB,25.47
1308,FHLT,10.06
1309,FHLTU,10.06
1310,FHLTW,0.0696
1311,FHTX,8.15
1312,FIAC,10.04
1313,FIACU,10.01
1314,FIACW,0.05
1315,FIBK,45.04
1316,FICV,9.88
1317,FICVU,9.88
1318,FICVW,0.06
1319,FINM,10.01
1320,FINMU,10.0054
1321,FINMW,0.02
1322,FINW,9.4175
1323,FIP,2.63
1324,FISI,25.55
1325,FISV,102.60
1326,FITB,35.98
1327,FITBI,25.01
1328,FITBO,19.2715
1329,FITBP,22.33
1330,FIVE,149.33
1331,FIVN,60.48
1332,FIXX,1.51
1333,FIZZ,46.78
1334,FKWL,3.46
1335,FLAC,10.04
1336,FLACU,10.35
1337,FLACW,0.90
1338,FLFV,9.98
1339,FLFVR,0.08
1340,FLFVU,10.09
1341,FLGT,40.28
1342,FLIC,17.76
1343,FLL,6.74
1344,FLNC,14.60
1345,FLNT,1.26
1346,FLUX,3.80
1347,FLWS,7.64
1348,FLXS,16.10
1349,FLYW,22.00
1350,FMAO,29.31
1351,FMBH,35.97
1352,FMIV,9.93
1353,FMIVW,0.0068
1354,FMNB,13.75
1355,FNCB,7.63
1356,FNCH,1.34
1357,FNGR,6.94
1358,FNHC,0.2845
1359,FNKO,20.64
1360,FNLC,30.79
1361,FNWB,15.35
1362,FNWD,32.48
1363,FOCS,35.49
1364,FOLD,10.75
1365,FONR,15.86
1366,FORA,3.63
1367,FORD,1.29
1368,FORM,20.00
1369,FORR,42.05
1370,FOSL,4.19
1371,FOSLL,12.92
1372,FOX,27.21
1373,FOXA,28.84
1374,FOXF,88.21
1375,FOXW,10.15
1376,FOXWW,0.07
1377,FPAY,1.60
1378,FRAF,32.76
1379,FRBA,15.75
1380,FRBK,3.09
1381,FRBN,10.15
1382,FRBNU,10.13
1383,FREE,3.35
1384,FREEW,0.1899
1385,FREQ,1.67
1386,FRG,29.84
1387,FRGAP,23.4883
1388,FRGI,6.87
1389,FRGT,0.5103
1390,FRLA,10.19
1391,FRLAU,10.18
1392,FRME,44.50
1393,FRMEP,25.41
1394,FROG,25.88
1395,FRON,9.97
1396,FRONU,9.98
1397,FRONW,0.08
1398,FRPH,61.81
1399,FRPT,59.54
1400,FRSG,9.93
1401,FRSGU,9.89
1402,FRSGW,0.0201
1403,FRSH,13.78
1404,FRST,12.94
1405,FRTX,1.92
1406,FRW,10.005
1407,FRWAU,9.98
1408,FRWAW,0.0009
1409,FRZA,1.67
1410,FSBC,28.74
1411,FSBW,28.19
1412,FSEA,10.45
1413,FSFG,22.95
1414,FSLR,132.67
1415,FSRD,0.2877
1416,FSRDW,0.0254
1417,FSRX,9.90
1418,FSRXU,9.94
1419,FSRXW,0.02
1420,FSSI,9.96
1421,FSSIU,9.95
1422,FSSIW,0.03
1423,FSTR,10.26
1424,FSTX,5.76
1425,FTAA,9.98
1426,FTAI,17.62
1427,FTAIN,18.90
1428,FTAIO,18.9187
1429,FTAIP,19.60
1430,FTCI,2.01
1431,FTCV,10.00
1432,FTCVU,9.995
1433,FTCVW,0.023
1434,FTDR,22.05
1435,FTEK,1.20
1436,FTHM,4.75
1437,FTII,10.10
1438,FTIIU,10.10
1439,FTIIW,0.03
1440,FTNT,57.10
1441,FTPAW,0.0311
1442,FTVI,9.99
1443,FTVIU,9.95
1444,FTVIW,0.0192
1445,FULC,5.43
1446,FULT,18.18
1447,FULTP,20.2774
1448,FUNC,18.57
1449,FUND,7.82
1450,FUSB,7.64
1451,FUV,0.71
1452,FVCB,20.31
1453,FWAC,9.91
1454,FWBI,1.13
1455,FWONA,52.49
1456,FWONK,58.26
1457,FWRD,104.53
1458,FWRG,17.00
1459,FXCO,10.06
1460,FXCOR,0.065
1461,FXCOW,0.04
1462,FXNC,16.60
1463,FYBR,23.48
1464,GABC,39.10
1465,GACQ,10.282
1466,GACQU,10.32
1467,GACQW,0.10
1468,GAIA,2.39
1469,GAIN,13.05
1470,GAINN,23.18
1471,GAINZ,21.50
1472,GALT,1.39
1473,GAMC,9.93
1474,GAMCU,9.94
1475,GAMCW,0.0106
1476,GANX,3.33
1477,GATE,10.05
1478,GATEU,10.07
1479,GATEW,0.06
1480,GBBK,9.90
1481,GBBKR,0.065
1482,GBDC,13.09
1483,GBIO,5.27
1484,GBNY,10.87
1485,GCBC,67.96
1486,GCMG,8.25
1487,GCMGW,0.5279
1488,GDEN,42.36
1489,GDNR,10.05
1490,GDNRU,10.04
1491,GDNRW,0.05
1492,GDRX,5.33
1493,GDST,10.034
1494,GDSTR,0.08
1495,GDSTU,10.10
1496,GDSTW,0.02
1497,GDYN,13.83
1498,GECC,9.95
1499,GECCM,24.58
1500,GECCN,24.25
1501,GECCO,24.58
1502,GEEX,10.15
1503,GEEXU,10.24
1504,GEEXW,0.0421
1505,GEG,2.0027
1506,GEGGL,16.75
1507,GENQ,10.02
1508,GENQU,10.05
1509,GENQW,0.0473
1510,GEOS,4.40
1511,GERN,2.41
1512,GEVO,2.18
1513,GFGD,9.91
1514,GFGDR,0.09
1515,GFGDU,10.04
1516,GFGDW,0.04
1517,GFS,57.25
1518,GGMC,9.91
1519,GGMCW,0.04
1520,GH,47.86
1521,GHAC,9.92
1522,GHACU,9.96
1523,GHACW,0.0111
1524,GHIX,9.69
1525,GHIXW,0.225
1526,GHSI,0.1685
1527,GIFI,4.70
1528,GIII,19.40
1529,GIIX,9.89
1530,GIIXU,9.9801
1531,GIIXW,0.90
1532,GILD,79.27
1533,GIPR,5.23
1534,GIW,10.21
1535,GIWWW,0.0628
1536,GLAD,9.55
1537,GLBL,10.01
1538,GLBLW,0.3384
1539,GLBZ,9.11
1540,GLDD,7.71
1541,GLHA,9.94
1542,GLHAU,9.84
1543,GLHAW,0.03
1544,GLLI,10.02
1545,GLLIR,0.13
1546,GLLIU,9.99
1547,GLLIW,0.03
1548,GLPI,49.95
1549,GLSI,9.32
1550,GLSTU,10.445
1551,GLUE,8.68
1552,GLYC,0.7082
1553,GMFI,10.04
1554,GMFIU,10.05
1555,GMFIW,0.08
1556,GMGI,2.51
1557,GMTX,1.80
1558,GNAC,9.94
1559,GNACU,9.95
1560,GNACW,0.0401
1561,GNLN,0.4937
1562,GNPX,1.41
1563,GNSS,2.885
1564,GNTX,26.28
1565,GNTY,37.30
1566,GNUS,0.6222
1567,GO,35.26
1568,GOCO,0.40
1569,GOEV,1.38
1570,GOEVW,0.3131
1571,GOGO,13.94
1572,GOOD,17.66
1573,GOODN,19.45
1574,GOODO,18.60
1575,GOOG,96.58
1576,GOOGL,96.29
1577,GOSS,10.54
1578,GOVX,0.9877
1579,GOVXW,0.21
1580,GPAC,10.01
1581,GPACU,10.00
1582,GPACW,0.011
1583,GPP,13.25
1584,GPRE,28.87
1585,GPRO,5.50
1586,GRAY,1.00
1587,GREE,1.01
1588,GREEL,7.07
1589,GRIL,0.3909
1590,GRNA,1.80
1591,GRNAW,0.1425
1592,GROM,0.3208
1593,GROMW,0.0499
1594,GROW,2.91
1595,GRPH,3.59
1596,GRPN,7.58
1597,GRTS,2.71
1598,GRTX,1.65
1599,GRWG,3.28
1600,GSBC,62.22
1601,GSD,10.25
1602,GSDWW,0.15
1603,GSEV,9.92
1604,GSEVU,9.93
1605,GSEVW,0.09
1606,GSHD,39.46
1607,GSIT,1.89
1608,GSRM,9.95
1609,GSRMR,1.20
1610,GSRMW,0.12
1611,GT,12.52
1612,GTAC,10.12
1613,GTACW,0.07
1614,GTBP,1.94
1615,GTHX,11.01
1616,GTIM,2.26
1617,GTLB,49.05
1618,GTPA,9.89
1619,GTPAU,9.92
1620,GTPAW,0.1093
1621,GTPB,9.91
1622,GTPBW,0.0308
1623,GVCI,10.19
1624,GVCIU,10.20
1625,GVP,0.84
1626,GWAV,1.37
1627,GWII,10.10
1628,GWIIW,0.18
1629,GWRS,12.90
1630,GXII,9.87
1631,GXIIU,10.04
1632,GXIIW,0.4399
1633,GYRO,9.31
1634,HA,14.30
1635,HAAC,10.05
1636,HAACU,10.03
1637,HAACW,0.008
1638,HAFC,27.01
1639,HAIN,18.86
1640,HALL,0.9456
1641,HALO,48.24
1642,HARP,0.9392
1643,HAS,65.73
1644,HAYN,47.95
1645,HBAN,15.11
1646,HBANM,22.35
1647,HBANP,17.46
1648,HBCP,42.68
1649,HBIO,2.63
1650,HBNC,15.51
1651,HBT,20.33
1652,HCAR,9.99
1653,HCARW,0.025
1654,HCAT,9.15
1655,HCCI,26.91
1656,HCDI,1.06
1657,HCDIP,11.63
1658,HCDIW,0.1595
1659,HCDIZ,0.1898
1660,HCIC,9.95
1661,HCICU,9.96
1662,HCICW,0.065
1663,HCII,9.94
1664,HCIIU,9.94
1665,HCIIW,0.0201
1666,HCKT,21.93
1667,HCMA,10.13
1668,HCMAU,10.13
1669,HCMAW,0.0051
1670,HCNE,9.86
1671,HCP,31.88
1672,HCSG,14.05
1673,HCTI,0.246
1674,HCVI,9.75
1675,HCVIU,9.90
1676,HCVIW,0.15
1677,HCWB,2.24
1678,HDSN,8.95
1679,HEAR,7.82
1680,HEES,36.78
1681,HEPA,0.548
1682,HERA,9.98
1683,HERAU,9.99
1684,HERAW,0.03
1685,HFBL,18.91
1686,HFFG,4.68
1687,HFWA,32.85
1688,HGBL,1.795
1689,HGEN,0.145
1690,HHS,11.97
1691,HIBB,63.04
1692,HIFS,248.89
1693,HIII,9.94
1694,HIIIU,9.92
1695,HIIIW,0.0101
1696,HILS,0.6009
1697,HLAH,9.94
1698,HLAHU,9.94
1699,HLAHW,0.0474
1700,HLBZ,0.315
1701,HLBZW,0.0603
1702,HLIT,15.65
1703,HLMN,7.62
1704,HLNE,61.00
1705,HLTH,3.90
1706,HLVX,21.35
1707,HMCO,10.00
1708,HMCOU,9.9904
1709,HMCOW,0.0479
1710,HMNF,23.00
1711,HMPT,1.82
1712,HMST,26.56
1713,HNNA,8.83
1714,HNNAZ,23.50
1715,HNRG,7.45
1716,HNST,3.33
1717,HNVR,19.75
1718,HOFT,14.67
1719,HOFV,0.5312
1720,HOFVW,0.04
1721,HOLO,2.50
1722,HOLOW,0.069
1723,HOLX,66.93
1724,HON,204.93
1725,HONE,15.10
1726,HOOD,11.50
1727,HOOK,1.27
1728,HOPE,13.37
1729,HOTH,5.685
1730,HOUR,2.83
1731,HOVNP,19.00
1732,HOWL,2.98
1733,HPCO,1.89
1734,HPK,22.39
1735,HPKEW,15.99
1736,HPLT,9.92
1737,HPLTU,9.90
1738,HPLTW,0.0527
1739,HQI,15.05
1740,HQY,76.40
1741,HRMY,52.38
1742,HROW,12.25
1743,HROWL,23.86
1744,HRTX,3.93
1745,HRZN,11.68
1746,HSAQ,9.98
1747,HSCS,2.43
1748,HSCSW,0.495
1749,HSDT,0.2721
1750,HSIC,70.13
1751,HSII,28.57
1752,HSKA,70.79
1753,HSON,33.455
1754,HST,18.65
1755,HSTM,24.40
1756,HSTO,1.28
1757,HTBI,24.05
1758,HTBK,14.24
1759,HTGM,0.54
1760,HTIA,21.30
1761,HTIBP,19.99
1762,HTLD,14.94
1763,HTLF,49.20
1764,HTLFP,24.9999
1765,HTZ,18.70
1766,HTZWW,10.25
1767,HUBG,77.15
1768,HUDAU,10.08
1769,HUMA,3.56
1770,HUMAW,1.0367
1771,HURC,23.96
1772,HURN,74.70
1773,HVBC,26.00
1774,HWBK,22.93
1775,HWC,55.40
1776,HWCPZ,23.31
1777,HWEL,9.83
1778,HWELU,10.18
1779,HWELW,0.13
1780,HWKN,45.52
1781,HYFM,2.51
1782,HYMC,0.6628
1783,HYMCL,0.1056
1784,HYMCW,0.069
1785,HYPR,0.9602
1786,HYRE,0.7587
1787,HYZN,1.90
1788,HYZNW,0.23
1789,IAC,48.70
1790,IART,50.37
1791,IAS,7.90
1792,IBCP,23.22
1793,IBKR,80.12
1794,IBOC,49.24
1795,IBRX,5.80
1796,IBTX,63.41
1797,ICAD,1.90
1798,ICCC,7.72
1799,ICCH,15.70
1800,ICFI,119.97
1801,ICHR,26.19
1802,ICMB,3.805
1803,ICPT,14.33
1804,ICUI,149.31
1805,ICVX,3.45
1806,IDAI,0.9102
1807,IDCC,50.13
1808,IDEX,0.2632
1809,IDN,2.285
1810,IDRA,0.3892
1811,IDXX,364.28
1812,IDYA,17.00
1813,IEP,54.58
1814,IESC,34.25
1815,IGAC,10.01
1816,IGACU,10.06
1817,IGACW,0.121
1818,IGMS,20.46
1819,IGNY,9.96
1820,IGNYU,9.50
1821,IGNYW,0.193
1822,IGTA,9.96
1823,IGTAR,0.08
1824,IGTAU,10.08
1825,IHRT,8.57
1826,III,5.54
1827,IIII,9.99
1828,IIIIW,0.026
1829,IIIV,22.73
1830,IIVIP,156.86
1831,IKNA,2.75
1832,IKT,0.7767
1833,ILMN,233.00
1834,ILPT,4.83
1835,IMACW,0.0601
1836,IMAQ,10.15
1837,IMAQR,0.065
1838,IMAQW,0.041
1839,IMBI,0.5172
1840,IMBIL,8.74
1841,IMGN,6.06
1842,IMGO,16.95
1843,IMKTA,95.14
1844,IMMR,5.36
1845,IMMX,1.075
1846,IMNM,4.56
1847,IMNN,1.49
1848,IMPL,3.98
1849,IMRA,4.27
1850,IMRX,13.50
1851,IMUX,1.77
1852,IMVT,11.06
1853,IMXI,26.62
1854,INAB,1.85
1855,INBK,25.79
1856,INBKZ,23.0601
1857,INBS,0.4708
1858,INBX,32.73
1859,INCY,74.60
1860,INDB,86.85
1861,INDI,7.75
1862,INDIW,1.87
1863,INDP,1.8049
1864,INDT,51.39
1865,INFI,1.24
1866,INFN,5.71
1867,INGN,22.59
1868,INKA,10.11
1869,INKAW,0.095
1870,INKT,2.03
1871,INMB,7.81
1872,INNV,6.12
1873,INO,2.21
1874,INOD,3.26
1875,INPX,3.08
1876,INSE,10.08
1877,INSG,2.23
1878,INSM,17.51
1879,INTA,22.40
1880,INTC,29.07
1881,INTE,9.97
1882,INTEW,0.05
1883,INTG,50.43
1884,INTU,431.79
1885,INTZ,5.10
1886,INVA,13.57
1887,INVE,12.39
1888,INVO,1.13
1889,INZY,1.76
1890,IOAC,10.20
1891,IOACU,10.0987
1892,IOACW,0.05
1893,IONM,0.6745
1894,IONS,44.61
1895,IOSP,98.62
1896,IOVA,9.75
1897,IPAR,81.19
1898,IPAX,9.85
1899,IPAXU,10.02
1900,IPAXW,0.24
1901,IPDN,0.83
1902,IPGP,87.36
1903,IPSC,10.78
1904,IPVI,9.92
1905,IPVIW,0.0772
1906,IPW,0.5978
1907,IPWR,11.3197
1908,IPX,4.66
1909,IQMD,10.145
1910,IQMDU,10.1401
1911,IQMDW,0.03
1912,IRAA,9.88
1913,IRAAU,9.88
1914,IRBT,56.34
1915,IRDM,50.62
1916,IRIX,2.27
1917,IRMD,29.86
1918,IROQ,19.10
1919,IRTC,128.72
1920,IRWD,11.11
1921,ISAA,9.915
1922,ISEE,23.44
1923,ISIG,5.66
1924,ISO,1.82
1925,ISPC,1.62
1926,ISPO,2.22
1927,ISPOW,0.1701
1928,ISRG,244.16
1929,ISSC,9.38
1930,ISTR,20.8375
1931,ISUN,2.11
1932,ITAQ,10.08
1933,ITAQW,0.0103
1934,ITCI,46.36
1935,ITI,3.03
1936,ITIC,145.86
1937,ITOS,20.36
1938,ITQ,9.97
1939,ITQRU,10.00
1940,ITRI,49.37
1941,IVAC,4.50
1942,IVCP,10.01
1943,IVCPU,10.00
1944,IVCPW,0.0906
1945,IVDA,0.5668
1946,IVVD,3.93
1947,IZEA,0.6721
1948,JACK,88.50
1949,JAGX,0.1397
1950,JAKK,17.00
1951,JAMF,23.82
1952,JAN,2.41
1953,JANX,17.92
1954,JAQC,9.785
1955,JAQCU,9.80
1956,JAQCW,0.0977
1957,JBHT,169.11
1958,JBLU,7.76
1959,JBSS,83.40
1960,JCIC,9.96
1961,JCICU,10.05
1962,JCICW,0.21
1963,JCTCF,5.07
1964,JGGC,10.085
1965,JGGCU,10.24
1966,JJSF,149.58
1967,JKHY,201.73
1968,JMSB,29.00
1969,JNCE,2.23
1970,JOAN,5.20
1971,JOFF,9.92
1972,JOFFU,9.96
1973,JOFFW,0.0351
1974,JOUT,52.45
1975,JRSH,4.1499
1976,JSM,18.55
1977,JSPR,0.745
1978,JUGG,9.91
1979,JUGGU,9.94
1980,JUGGW,0.1216
1981,JUPW,0.9739
1982,JUPWW,0.75
1983,JVA,2.32
1984,JWAC,10.07
1985,JWACR,0.129
1986,JYAC,10.02
1987,JYNT,17.11
1988,KAII,9.95
1989,KAIIW,0.0198
1990,KAIR,10.01
1991,KALA,6.12
1992,KALU,79.09
1993,KAVL,1.11
1994,KBAL,7.26
1995,KBNT,1.2701
1996,KDNY,22.00
1997,KDP,39.55
1998,KE,20.38
1999,KELYA,16.09
2000,KELYB,16.05
2001,KEQU,17.1055
2002,KERN,0.0992
2003,KERNW,0.0141
2004,KFFB,7.00
2005,KFRC,63.40
2006,KHC,38.94
2007,KIDS,43.64
2008,KIII,9.96
2009,KIIIU,9.97
2010,KIIIW,0.016
2011,KINS,2.31
2012,KINZ,10.09
2013,KINZW,0.0197
2014,KIRK,3.64
2015,KITT,3.30
2016,KITTW,0.27
2017,KLAC,321.50
2018,KLAQ,9.94
2019,KLAQW,0.02
2020,KLTR,1.90
2021,KLXE,14.17
2022,KMPH,5.68
2023,KNBE,24.67
2024,KNSA,11.72
2025,KNTE,8.71
2026,KOD,7.27
2027,KOPN,1.10
2028,KOSS,6.79
2029,KPLT,0.95
2030,KPLTW,0.1099
2031,KPRX,6.33
2032,KPTI,5.07
2033,KRBP,0.2946
2034,KRMD,2.39
2035,KRNL,10.00
2036,KRNLU,10.0073
2037,KRNLW,0.0114
2038,KRNY,10.68
2039,KRON,2.92
2040,KROS,50.81
2041,KRT,16.35
2042,KRTX,225.07
2043,KRUS,79.69
2044,KRYS,77.78
2045,KSCP,3.11
2046,KSI,9.90
2047,KSICU,9.90
2048,KSICW,0.0201
2049,KSPN,1.02
2050,KTCC,4.38
2051,KTOS,11.09
2052,KTRA,0.1107
2053,KTTA,1.08
2054,KTTAW,0.05
2055,KURA,15.90
2056,KVHI,10.31
2057,KVSA,9.92
2058,KVSC,9.91
2059,KYCH,9.97
2060,KYCHR,0.12
2061,KYCHW,0.05
2062,KYMR,29.99
2063,KZR,7.65
2064,LAB,1.13
2065,LABP,0.3487
2066,LAKE,11.98
2067,LAMR,93.47
2068,LANC,181.15
2069,LAND,20.47
2070,LANDM,23.75
2071,LANDO,24.6529
2072,LARK,25.85
2073,LASE,2.69
2074,LASR,11.42
2075,LAUR,12.78
2076,LAZR,7.83
2077,LAZY,12.62
2078,LBAI,18.46
2079,LBBB,10.07
2080,LBBBR,0.13
2081,LBBBW,0.09
2082,LBC,12.46
2083,LBPH,3.15
2084,LBRDA,85.56
2085,LBRDK,84.60
2086,LBRDP,22.00
2087,LCA,9.92
2088,LCAHU,9.97
2089,LCAHW,0.12
2090,LCID,14.23
2091,LCNB,17.68
2092,LCUT,8.69
2093,LDHAU,9.94
2094,LE,10.52
2095,LECO,140.77
2096,LEE,18.86
2097,LEGA,9.95
2098,LEGAU,10.37
2099,LEGAW,0.0593
2100,LEGH,18.46
2101,LEGN,49.56
2102,LESL,14.41
2103,LFACU,10.08
2104,LFACW,0.0254
2105,LFLY,0.78
2106,LFLYW,0.0949
2107,LFMD,2.07
2108,LFMDP,13.92
2109,LFST,7.72
2110,LFUS,223.29
2111,LFVN,3.94
2112,LGIH,92.64
2113,LGMK,0.8552
2114,LGND,88.06
2115,LGNDV,50.00
2116,LGST,10.19
2117,LGSTU,10.1999
2118,LGSTW,0.04
2119,LGTO,9.95
2120,LGTOW,0.374
2121,LGVC,10.10
2122,LGVCU,10.1451
2123,LGVCW,0.088
2124,LGVN,3.61
2125,LHAA,9.92
2126,LHCG,166.50
2127,LHDX,1.05
2128,LIAN,1.33
2129,LIBY,10.06
2130,LIBYU,10.12
2131,LIDR,0.8995
2132,LIDRW,0.0701
2133,LIFE,2.39
2134,LILA,7.90
2135,LILAK,7.91
2136,LINC,5.36
2137,LIND,8.32
2138,LINK,8.642
2139,LION,10.15
2140,LIONU,10.08
2141,LIONW,0.0497
2142,LITE,74.85
2143,LITT,9.84
2144,LITTU,9.85
2145,LITTW,0.06
2146,LIVE,24.56
2147,LIXT,0.5153
2148,LIXTW,0.085
2149,LJAQ,10.13
2150,LJAQU,10.12
2151,LJAQW,0.053
2152,LKFN,82.72
2153,LKQ,55.44
2154,LMACA,10.03
2155,LMACU,10.03
2156,LMACW,0.05
2157,LMAO,12.35
2158,LMAOU,12.46
2159,LMAOW,0.11
2160,LMAT,41.935
2161,LMB,8.08
2162,LMFA,1.0095
2163,LMNR,11.63
2164,LMST,25.52
2165,LNDC,9.91
2166,LNKB,8.125
2167,LNSR,5.00
2168,LNT,52.37
2169,LNTH,75.45
2170,LNW,55.43
2171,LOAN,5.51
2172,LOB,32.90
2173,LOCO,10.28
2174,LOGC,2.06
2175,LOGI,51.13
2176,LOPE,100.33
2177,LOTZ,0.28
2178,LOTZW,0.0345
2179,LOVE,24.03
2180,LPCN,0.4125
2181,LPLA,260.19
2182,LPRO,7.26
2183,LPSN,10.42
2184,LPTH,1.1401
2185,LPTX,0.8533
2186,LQDA,5.06
2187,LQDT,17.56
2188,LRCX,405.59
2189,LRFC,18.4999
2190,LRMR,3.00
2191,LSBK,13.30
2192,LSCC,51.13
2193,LSEA,5.00
2194,LSEAW,0.1299
2195,LSPRW,0.0845
2196,LSTA,4.41
2197,LSTR,152.47
2198,LSXMA,42.76
2199,LSXMB,42.06
2200,LSXMK,42.65
2201,LTBR,5.18
2202,LTCH,1.20
2203,LTCHW,0.095
2204,LTRN,4.30
2205,LTRPA,1.11
2206,LTRPB,28.30
2207,LTRX,4.86
2208,LTRY,0.3787
2209,LTRYW,0.036
2210,LUCD,1.87
2211,LUCY,1.55
2212,LUCYW,0.44
2213,LUMO,9.145
2214,LUNA,5.06
2215,LUNG,13.50
2216,LUXA,10.04
2217,LUXAU,10.0245
2218,LUXAW,0.0045
2219,LVAC,10.10
2220,LVACU,10.06
2221,LVACW,0.08
2222,LVLU,6.14
2223,LVO,0.7724
2224,LVOX,3.15
2225,LVOXU,3.36
2226,LVOXW,0.351
2227,LWAY,5.85
2228,LWLG,8.26
2229,LXRX,2.20
2230,LYEL,6.11
2231,LYFT,14.52
2232,LYLT,1.15
2233,LYRA,4.76
2234,LYTS,7.52
2235,LZ,8.96
2236,MACA,9.98
2237,MACAU,10.00
2238,MACAW,0.0643
2239,MACK,3.81
2240,MANH,120.31
2241,MAPS,1.98
2242,MAPSW,0.38
2243,MAQC,10.35
2244,MAQCU,10.39
2245,MAQCW,0.0483
2246,MAR,159.65
2247,MARA,13.85
2248,MARK,0.2769
2249,MARPS,9.98
2250,MASI,134.03
2251,MASS,16.12
2252,MAT,18.67
2253,MATW,27.18
2254,MAYS,44.89
2255,MBCN,29.15
2256,MBIN,24.17
2257,MBINM,25.90
2258,MBINN,21.61
2259,MBINO,21.58
2260,MBINP,23.4908
2261,MBIO,0.5425
2262,MBNKP,24.25
2263,MBRX,0.9897
2264,MBTC,10.47
2265,MBTCR,0.0769
2266,MBTCU,10.49
2267,MBUU,53.83
2268,MBWM,34.61
2269,MCAA,10.29
2270,MCAAU,10.30
2271,MCAAW,0.04
2272,MCAC,9.94
2273,MCACR,0.09
2274,MCACU,10.04
2275,MCACW,0.0449
2276,MCAE,10.03
2277,MCAEU,10.10
2278,MCAF,9.94
2279,MCAFR,0.2916
2280,MCAG,10.00
2281,MCAGR,0.2008
2282,MCBC,10.63
2283,MCBS,22.30
2284,MCFT,21.92
2285,MCHP,63.00
2286,MCHX,1.65
2287,MCRB,8.07
2288,MCRI,79.85
2289,MCVT,2.26
2290,MDB,186.59
2291,MDGL,73.46
2292,MDIA,1.72
2293,MDLZ,61.70
2294,MDRR,0.7908
2295,MDRRP,22.58
2296,MDRX,14.76
2297,MDVL,0.6804
2298,MDWT,14.34
2299,MDXG,2.99
2300,ME,3.16
2301,MEAC,10.03
2302,MEACU,10.00
2303,MEACW,0.0505
2304,MEDP,222.32
2305,MEDS,0.89
2306,MEIP,0.349
2307,MEKA,9.87
2308,MEOA,10.20
2309,MEOAU,10.21
2310,MEOAW,0.08
2311,MESA,1.45
2312,META,99.20
2313,METC,11.16
2314,METCL,25.6499
2315,MFIC,11.17
2316,MFIN,7.59
2317,MGAM,1.22
2318,MGEE,68.41
2319,MGI,10.55
2320,MGNI,7.32
2321,MGNX,4.98
2322,MGPI,112.36
2323,MGRC,96.56
2324,MGTA,1.25
2325,MGTX,7.35
2326,MGYR,12.46
2327,MICS,5.5388
2328,MICT,0.70
2329,MIDD,140.28
2330,MIND,0.6125
2331,MINDP,7.085
2332,MINM,0.2253
2333,MIRM,23.83
2334,MIRO,3.93
2335,MITA,9.89
2336,MITAU,9.90
2337,MITAW,0.0701
2338,MITK,11.06
2339,MITO,0.3163
2340,MKSI,84.58
2341,MKTW,2.54
2342,MKTX,244.57
2343,MLAB,135.81
2344,MLAI,10.11
2345,MLAIU,10.06
2346,MLAIW,0.0275
2347,MLKN,20.82
2348,MLTX,7.98
2349,MLVF,14.47
2350,MMAT,1.02
2351,MMLP,3.20
2352,MMMB,1.0311
2353,MMSI,67.61
2354,MNKD,3.49
2355,MNOV,2.13
2356,MNPR,2.05
2357,MNRO,46.97
2358,MNSB,27.80
2359,MNSBP,25.43
2360,MNST,93.54
2361,MNTK,15.96
2362,MNTS,1.38
2363,MNTSW,0.15
2364,MNTV,7.84
2365,MNTX,4.65
2366,MOBQ,1.44
2367,MOBQW,0.1558
2368,MOBV,10.02
2369,MOBVU,10.16
2370,MODD,3.00
2371,MODV,97.00
2372,MOFG,32.40
2373,MON,9.94
2374,MONCU,9.91
2375,MONCW,0.0101
2376,MOND,7.97
2377,MORF,29.12
2378,MORN,234.27
2379,MOVE,2.27
2380,MPAA,19.00
2381,MPB,34.20
2382,MPRAU,10.04
2383,MPRAW,0.0399
2384,MPWR,346.80
2385,MQ,7.80
2386,MRAI,0.9498
2387,MRAM,6.02
2388,MRBK,31.26
2389,MRCC,7.57
2390,MRCY,49.12
2391,MRIN,1.23
2392,MRKR,0.4457
2393,MRNA,150.97
2394,MRNS,5.62
2395,MRSN,7.18
2396,MRTN,18.75
2397,MRTX,67.91
2398,MRVI,16.72
2399,MSAC,9.96
2400,MSACW,0.0698
2401,MSBI,28.43
2402,MSBIP,25.41
2403,MSDA,9.97
2404,MSDAU,9.98
2405,MSDAW,0.05
2406,MSEX,89.94
2407,MSFT,235.87
2408,MSGM,0.6602
2409,MSPR,1.12
2410,MSPRW,0.0519
2411,MSSA,10.02
2412,MSSAR,0.16
2413,MSSAU,10.08
2414,MSTR,279.99
2415,MSVB,12.76
2416,MTAC,10.00
2417,MTACW,0.043
2418,MTBC,3.795
2419,MTBCO,25.01
2420,MTBCP,26.385
2421,MTCH,43.68
2422,MTCR,0.4061
2423,MTEM,0.63
2424,MTEX,21.55
2425,MTRX,4.85
2426,MTRY,10.20
2427,MTRYW,0.08
2428,MTSI,58.71
2429,MTTR,3.58
2430,MU,54.04
2431,MULN,0.5174
2432,MURF,10.15
2433,MURFU,10.21
2434,MURFW,0.0479
2435,MVBF,25.33
2436,MVIS,3.57
2437,MVST,2.42
2438,MVSTW,0.375
2439,MXCT,7.01
2440,MXL,31.82
2441,MYFW,27.71
2442,MYGN,20.86
2443,MYMD,2.83
2444,MYPS,4.43
2445,MYPSW,0.6201
2446,MYRG,86.97
2447,NAII,8.5101
2448,NAOV,0.4168
2449,NARI,76.66
2450,NATH,64.25
2451,NATI,38.72
2452,NATR,9.04
2453,NAUT,2.39
2454,NAVI,15.09
2455,NBIX,115.57
2456,NBN,43.20
2457,NBSE,0.28
2458,NBST,9.92
2459,NBSTU,9.93
2460,NBSTW,0.0094
2461,NBTB,46.57
2462,NCAC,10.20
2463,NCACU,10.20
2464,NCACW,0.0201
2465,NCMI,0.4598
2466,NCNO,31.43
2467,NCPL,1.78
2468,NCPLW,0.402
2469,NCSM,29.22
2470,NDAC,10.02
2471,NDACU,10.01
2472,NDACW,0.015
2473,NDAQ,62.28
2474,NDLS,5.91
2475,NDRA,0.2502
2476,NDSN,226.00
2477,NECB,13.05
2478,NEO,7.49
2479,NEOG,13.13
2480,NEOV,3.93
2481,NEPH,1.1099
2482,NERV,2.76
2483,NESR,7.62
2484,NESRW,0.07
2485,NEWT,16.57
2486,NEWTL,24.58
2487,NEWTZ,24.49
2488,NEXI,0.72
2489,NEXT,6.92
2490,NFBK,15.89
2491,NFE,54.53
2492,NFLX,295.72
2493,NGM,5.61
2494,NH,0.3201
2495,NHIC,9.95
2496,NHICW,0.06
2497,NHTC,3.62
2498,NICK,6.80
2499,NKLA,3.20
2500,NKSH,36.70
2501,NKTR,3.76
2502,NKTX,13.00
2503,NLOK,22.56
2504,NMFC,12.09
2505,NMIH,21.91
2506,NMRK,7.97
2507,NMTC,1.04
2508,NMTR,2.60
2509,NN,3.35
2510,NNBR,2.33
2511,NOAC,10.0341
2512,NOACU,10.02
2513,NOACW,0.0073
2514,NODK,13.72
2515,NOGN,0.9199
2516,NOGNW,0.0399
2517,NOTV,21.38
2518,NOVN,1.22
2519,NOVT,142.45
2520,NPCE,3.00
2521,NRAC,9.98
2522,NRACU,9.98
2523,NRACW,0.0101
2524,NRBO,8.36
2525,NRC,41.15
2526,NRDS,11.25
2527,NRIM,48.14
2528,NRIX,12.83
2529,NRXP,0.81
2530,NRXPW,0.20
2531,NSIT,94.60
2532,NSSC,28.76
2533,NSTG,10.50
2534,NSTS,10.83
2535,NSYS,10.18
2536,NTAP,69.40
2537,NTCT,35.74
2538,NTGR,19.85
2539,NTIC,13.80
2540,NTLA,54.03
2541,NTNX,26.80
2542,NTRA,47.66
2543,NTRB,4.425
2544,NTRBW,3.1699
2545,NTRS,84.68
2546,NTRSO,20.06
2547,NTWK,3.21
2548,NURO,1.75
2549,NUTX,0.80
2550,NUVA,44.29
2551,NUVL,35.34
2552,NUWE,0.27
2553,NUZE,0.36
2554,NVAC,9.95
2555,NVACR,0.07
2556,NVACW,0.025
2557,NVAX,23.02
2558,NVCT,7.1694
2559,NVDA,138.34
2560,NVEC,61.74
2561,NVEE,147.71
2562,NVFY,0.6314
2563,NVIV,2.33
2564,NVNO,6.25
2565,NVNOW,0.1033
2566,NVOS,0.2752
2567,NVSA,9.96
2568,NVSAU,9.98
2569,NVSAW,0.07
2570,NVTS,4.24
2571,NWBI,14.94
2572,NWE,53.43
2573,NWFL,28.055
2574,NWL,15.05
2575,NWLI,198.45
2576,NWPX,34.50
2577,NWS,17.14
2578,NWSA,16.91
2579,NXGL,1.41
2580,NXGLW,0.28
2581,NXGN,19.56
2582,NXL,1.4784
2583,NXLIW,0.1899
2584,NXPL,1.78
2585,NXST,180.98
2586,NXTC,2.51
2587,NXTP,0.2439
2588,NYMT,2.73
2589,NYMTL,16.97
2590,NYMTM,18.18
2591,NYMTN,17.98
2592,NYMTZ,15.905
2593,OB,4.29
2594,OBLG,0.339
2595,OBNK,40.45
2596,OBT,44.535
2597,OCAX,10.12
2598,OCAXW,0.024
2599,OCC,3.61
2600,OCCI,9.19
2601,OCCIN,22.87
2602,OCCIO,23.00
2603,OCFC,22.42
2604,OCFCP,25.245
2605,OCGN,1.75
2606,OCSL,6.65
2607,OCUL,3.68
2608,OCUP,2.46
2609,OCX,0.69
2610,ODFL,270.60
2611,ODP,39.69
2612,OEPW,9.92
2613,OEPWU,9.95
2614,OEPWW,0.0153
2615,OESX,1.71
2616,OFED,26.00
2617,OFLX,92.00
2618,OFS,9.08
2619,OFSSH,19.9444
2620,OHAA,9.96
2621,OHAAU,9.98
2622,OHAAW,0.07
2623,OHPA,10.03
2624,OHPAU,10.02
2625,OHPAW,0.0023
2626,OIG,0.404
2627,OKTA,57.29
2628,OLB,1.055
2629,OLED,99.05
2630,OLIT,10.09
2631,OLITU,10.08
2632,OLITW,0.0201
2633,OLLI,58.18
2634,OLMA,3.71
2635,OLPX,4.30
2636,OM,15.42
2637,OMCL,77.96
2638,OMEG,9.98
2639,OMER,3.46
2640,OMEX,3.07
2641,OMGA,4.97
2642,OMIC,2.50
2643,OMQS,5.99
2644,ON,67.48
2645,ONB,19.38
2646,ONBPO,26.00
2647,ONBPP,26.00
2648,ONCR,0.70
2649,ONCS,0.435
2650,ONCT,1.07
2651,ONDS,3.87
2652,ONEM,17.01
2653,ONEW,33.62
2654,ONFO,1.20
2655,ONFOW,0.2205
2656,ONTX,0.7185
2657,ONVO,1.77
2658,ONYX,10.19
2659,ONYXU,10.20
2660,ONYXW,0.045
2661,OPAL,9.27
2662,OPALW,1.27
2663,OPBK,11.72
2664,OPCH,31.20
2665,OPEN,2.69
2666,OPGN,0.1883
2667,OPHC,4.28
2668,OPI,15.27
2669,OPINL,17.26
2670,OPK,1.86
2671,OPNT,9.712
2672,OPOF,26.3514
2673,OPRT,5.24
2674,OPRX,15.47
2675,OPTN,3.52
2676,ORGN,5.64
2677,ORGNW,1.15
2678,ORGO,3.30
2679,ORGS,1.28
2680,ORIA,9.92
2681,ORIAU,9.91
2682,ORIAW,0.051
2683,ORIC,2.67
2684,ORLY,836.30
2685,ORRF,26.36
2686,OSBC,15.76
2687,OSIS,81.84
2688,OSPN,10.82
2689,OSS,3.2787
2690,OSTK,25.00
2691,OSTR,9.94
2692,OSTRU,9.95
2693,OSTRW,0.0163
2694,OSUR,4.31
2695,OTEC,10.25
2696,OTECW,0.02
2697,OTIC,0.0989
2698,OTLK,1.195
2699,OTRK,0.3801
2700,OTRKP,0.8802
2701,OTTR,68.70
2702,OVBC,26.39
2703,OVID,1.63
2704,OVLY,19.81
2705,OXLC,5.39
2706,OXLCL,22.25
2707,OXLCM,24.30
2708,OXLCN,22.14
2709,OXLCO,20.60
2710,OXLCP,22.20
2711,OXLCZ,21.75
2712,OXSQ,2.97
2713,OXSQG,21.25
2714,OXSQL,24.40
2715,OXSQZ,23.45
2716,OYST,7.94
2717,OZK,42.98
2718,OZKAP,16.685
2719,PAA,11.88
2720,PACB,8.72
2721,PACW,25.48
2722,PACWP,24.90
2723,PACX,10.01
2724,PACXW,0.0132
2725,PAFOR,0.19
2726,PAFOU,10.18
2727,PAGP,12.42
2728,PAHC,14.88
2729,PALI,0.0949
2730,PALT,1.50
2731,PANA,9.8621
2732,PANL,4.86
2733,PANW,171.08
2734,PARA,19.02
2735,PARAA,21.99
2736,PARAP,30.16
2737,PASG,1.28
2738,PATI,8.40
2739,PATK,47.26
2740,PAVM,1.14
2741,PAVMZ,0.525
2742,PAYA,7.90
2743,PAYO,7.70
2744,PAYOW,1.73
2745,PAYS,2.37
2746,PAYX,119.79
2747,PBAX,10.17
2748,PBAXU,10.15
2749,PBAXW,0.0241
2750,PBBK,12.515
2751,PBFS,10.20
2752,PBHC,18.64
2753,PBLA,0.1373
2754,PBPB,4.99
2755,PBYI,2.29
2756,PCAR,96.30
2757,PCB,19.18
2758,PCCT,10.20
2759,PCCTW,0.0375
2760,PCH,45.13
2761,PCRX,52.25
2762,PCSA,2.05
2763,PCSB,19.39
2764,PCT,8.24
2765,PCTI,4.75
2766,PCTTU,11.10
2767,PCTTW,3.25
2768,PCTY,228.36
2769,PCVX,43.36
2770,PCX,10.12
2771,PCXCU,10.18
2772,PCYG,5.00
2773,PCYO,8.50
2774,PDCE,71.14
2775,PDCO,26.66
2776,PDEX,19.20
2777,PDFS,23.99
2778,PDLB,9.27
2779,PDSB,5.38
2780,PEAR,2.86
2781,PEARW,0.1801
2782,PEBK,28.7899
2783,PEBO,30.05
2784,PECO,29.96
2785,PEGA,36.96
2786,PEGR,9.84
2787,PEGRU,9.87
2788,PEGRW,0.1413
2789,PEGY,3.76
2790,PENN,32.72
2791,PEP,182.23
2792,PEPG,10.81
2793,PEPL,10.02
2794,PEPLU,10.04
2795,PEPLW,0.10
2796,PESI,4.301
2797,PET,3.60
2798,PETQ,8.39
2799,PETS,21.85
2800,PETV,2.6606
2801,PETVW,0.48
2802,PETWW,0.19
2803,PEV,2.15
2804,PFBC,76.61
2805,PFC,29.36
2806,PFDR,9.94
2807,PFDRU,9.96
2808,PFDRW,0.175
2809,PFG,88.01
2810,PFHC,21.50
2811,PFHD,27.28
2812,PFIE,0.93
2813,PFIN,5.35
2814,PFIS,56.34
2815,PFMT,2.00
2816,PFSW,9.32
2817,PFTA,9.90
2818,PFTAU,9.93
2819,PFTAW,0.1801
2820,PFX,35.35
2821,PFXNL,24.97
2822,PFXNZ,20.3782
2823,PGC,39.37
2824,PGEN,1.61
2825,PGNY,44.01
2826,PGRW,10.06
2827,PGRWU,10.16
2828,PGRWW,0.0722
2829,PHAS,0.107
2830,PHAT,10.44
2831,PHIC,10.03
2832,PHICU,10.00
2833,PHICW,0.009
2834,PHIO,0.5852
2835,PI,116.23
2836,PIII,5.06
2837,PIIIW,0.61
2838,PIK,1.27
2839,PINC,35.13
2840,PIXY,11.98
2841,PKBK,21.70
2842,PKOH,11.21
2843,PLAB,16.48
2844,PLAY,40.25
2845,PLBC,33.25
2846,PLBY,3.46
2847,PLCE,38.91
2848,PLL,61.45
2849,PLMI,9.95
2850,PLMIU,9.9501
2851,PLMIW,0.045
2852,PLMR,85.23
2853,PLPC,79.67
2854,PLRX,25.02
2855,PLSE,2.17
2856,PLUG,16.09
2857,PLUS,48.61
2858,PLXP,0.6059
2859,PLXS,98.77
2860,PMCB,2.97
2861,PMD,6.43
2862,PMGM,9.92
2863,PMGMU,9.945
2864,PMGMW,0.04
2865,PMTS,20.30
2866,PMVP,12.95
2867,PNAC,10.02
2868,PNACR,0.10
2869,PNBK,10.37
2870,PNFP,82.54
2871,PNFPP,24.255
2872,PNRG,74.75
2873,PNT,9.78
2874,PNTG,12.03
2875,POAI,0.2576
2876,PODD,255.55
2877,POLA,2.27
2878,PONO,10.22
2879,PONOU,10.22
2880,POOL,318.77
2881,POSH,17.80
2882,POW,9.99
2883,POWI,67.34
2884,POWL,24.63
2885,POWRU,10.0024
2886,POWRW,0.02
2887,POWW,3.20
2888,POWWP,25.26
2889,PPBI,36.41
2890,PPC,23.69
2891,PPIH,9.85
2892,PPSI,2.88
2893,PPYA,10.09
2894,PPYAU,10.06
2895,PPYAW,0.0301
2896,PRAA,32.90
2897,PRAX,1.98
2898,PRCH,1.34
2899,PRCT,45.34
2900,PRDO,11.68
2901,PRDS,1.25
2902,PRFT,66.71
2903,PRGS,50.71
2904,PRIM,20.22
2905,PRLD,6.74
2906,PRLH,10.06
2907,PRLHU,10.10
2908,PRLHW,0.0601
2909,PRME,18.65
2910,PROK,10.50
2911,PROV,13.70
2912,PRPH,11.39
2913,PRPL,3.59
2914,PRPO,0.7893
2915,PRSO,1.56
2916,PRSR,10.01
2917,PRSRU,10.01
2918,PRSRW,0.0107
2919,PRST,1.68
2920,PRSTW,0.0715
2921,PRTA,62.24
2922,PRTC,30.39
2923,PRTH,5.21
2924,PRTK,3.54
2925,PRTS,4.68
2926,PRVA,32.74
2927,PRVB,6.67
2928,PSAG,9.93
2929,PSAGU,9.93
2930,PSAGW,0.0355
2931,PSEC,7.24
2932,PSMT,64.20
2933,PSNL,2.67
2934,PSTV,0.49
2935,PSTX,4.19
2936,PTC,116.94
2937,PTCT,38.47
2938,PTE,0.7001
2939,PTEN,17.30
2940,PTGX,8.58
2941,PTIC,10.01
2942,PTICU,10.035
2943,PTICW,0.1199
2944,PTIX,0.5898
2945,PTIXW,0.0599
2946,PTLO,21.90
2947,PTMN,20.64
2948,PTOC,9.95
2949,PTOCW,0.0322
2950,PTON,8.01
2951,PTPI,0.4797
2952,PTRA,5.90
2953,PTRS,9.30
2954,PTSI,28.06
2955,PTVE,11.01
2956,PTWO,10.11
2957,PTWOU,10.15
2958,PTWOW,0.0509
2959,PUBM,17.30
2960,PUCK,9.93
2961,PUCKU,9.94
2962,PUCKW,0.0478
2963,PULM,3.46
2964,PVBC,12.93
2965,PWFL,2.79
2966,PWOD,24.01
2967,PWP,7.83
2968,PWUP,10.175
2969,PWUPU,10.1601
2970,PWUPW,0.05
2971,PXLW,1.45
2972,PXMD,2.105
2973,PYCR,30.51
2974,PYPL,86.25
2975,PYXS,1.88
2976,PZZA,72.31
2977,QCOM,119.21
2978,QCRH,51.80
2979,QDEL,88.77
2980,QIPT,4.365
2981,QLGN,0.24
2982,QLYS,142.36
2983,QMCO,1.36
2984,QNCX,1.01
2985,QNST,11.52
2986,QOMOU,10.03
2987,QQQX,22.67
2988,QRHC,8.58
2989,QRTEA,2.45
2990,QRTEB,5.75
2991,QRTEP,49.87
2992,QRVO,88.46
2993,QSI,3.07
2994,QSIAW,0.5899
2995,QTEK,1.50
2996,QTEKW,0.1698
2997,QTRX,11.17
2998,QUBT,2.28
2999,QUIK,6.72
3000,QUMU,0.8954
3001,RACB,10.00
3002,RACY,10.08
3003,RACYU,10.09
3004,RACYW,0.0201
3005,RADI,9.27
3006,RAIL,4.32
3007,RAIN,5.99
3008,RAND,14.96
3009,RANI,6.09
3010,RAPT,23.46
3011,RARE,40.76
3012,RAVE,1.89
3013,RBB,22.47
3014,RBBN,2.71
3015,RBCAA,46.87
3016,RBCN,2.08
3017,RBKB,10.10
3018,RCAC,9.98
3019,RCACU,9.91
3020,RCACW,0.07
3021,RCAT,1.33
3022,RCEL,5.01
3023,RCII,20.63
3024,RCKT,18.94
3025,RCKY,19.085
3026,RCLF,9.92
3027,RCLFU,9.95
3028,RCLFW,0.0199
3029,RCM,17.56
3030,RCMT,17.44
3031,RCRT,0.6717
3032,RCRTW,0.0986
3033,RDFN,4.57
3034,RDI,3.43
3035,RDIB,19.90
3036,RDNT,19.14
3037,RDVT,17.28
3038,REAL,1.58
3039,REBN,1.125
3040,REED,0.1449
3041,REFI,14.74
3042,REFR,2.39
3043,REG,59.88
3044,REGN,750.76
3045,REKR,0.9794
3046,RELI,0.6263
3047,RELL,23.45
3048,RELY,11.41
3049,RENE,10.09
3050,RENEU,10.17
3051,RENEW,0.1001
3052,RENT,1.835
3053,REPL,18.07
3054,RETA,29.82
3055,REVB,0.312
3056,REVBU,0.38
3057,REVBW,0.0312
3058,REVE,10.239
3059,REVH,10.01
3060,REVHU,9.99
3061,REVHW,0.0084
3062,REYN,30.69
3063,RFIL,5.70
3064,RGCO,21.37
3065,RGEN,181.99
3066,RGF,6.97
3067,RGLD,96.65
3068,RGLS,1.53
3069,RGNX,23.88
3070,RGP,18.55
3071,RGTI,2.09
3072,RGTIW,0.23
3073,RIBT,1.26
3074,RICK,83.91
3075,RIDE,1.73
3076,RIGL,0.7264
3077,RILY,39.94
3078,RILYG,20.01
3079,RILYK,21.48
3080,RILYL,21.75
3081,RILYM,22.2586
3082,RILYN,21.13
3083,RILYO,23.52
3084,RILYP,18.885
3085,RILYT,19.01
3086,RILYZ,17.21
3087,RIOT,7.05
3088,RIVN,34.48
3089,RKDA,0.35
3090,RKLB,5.13
3091,RLAY,22.50
3092,RLMD,6.55
3093,RLYB,9.64
3094,RMBI,13.1526
3095,RMBL,15.91
3096,RMBS,30.04
3097,RMCF,6.61
3098,RMGC,10.00
3099,RMGCU,9.99
3100,RMGCW,0.03
3101,RMNI,5.69
3102,RMR,27.23
3103,RMTI,0.986
3104,RNA,14.54
3105,RNAZ,0.7628
3106,RNER,10.13
3107,RNERU,10.20
3108,RNST,39.32
3109,RNWK,0.7138
3110,RNXT,1.76
3111,ROAD,31.34
3112,ROC,10.1107
3113,ROCAR,0.0898
3114,ROCAU,10.08
3115,ROCC,39.98
3116,ROCG,10.07
3117,ROCGU,10.07
3118,ROCGW,0.028
3119,ROCK,51.41
3120,ROCL,9.97
3121,ROCLW,0.07
3122,ROIC,14.43
3123,ROKU,54.55
3124,ROOT,7.78
3125,ROSE,10.21
3126,ROSEU,10.25
3127,ROSEW,0.15
3128,ROST,95.35
3129,ROVR,4.48
3130,RPAY,6.18
3131,RPD,44.93
3132,RPHM,3.23
3133,RPID,2.82
3134,RPRX,42.76
3135,RRBI,57.54
3136,RRGB,8.20
3137,RRR,41.10
3138,RSLS,0.3064
3139,RSSS,1.94
3140,RSVR,5.71
3141,RSVRW,0.97
3142,RTL,6.84
3143,RTLPO,19.38
3144,RTLPP,19.30
3145,RUBY,0.3538
3146,RUM,11.52
3147,RUMBW,2.80
3148,RUN,21.90
3149,RUSHA,50.15
3150,RUSHB,54.28
3151,RUTH,20.85
3152,RVLP,1.80
3153,RVMD,20.86
3154,RVNC,22.44
3155,RVPH,3.80
3156,RVPHW,0.58
3157,RVSB,6.87
3158,RVYL,0.912
3159,RWAY,13.00
3160,RWAYL,24.91
3161,RWOD,9.96
3162,RWODR,0.12
3163,RWODU,10.03
3164,RWODW,0.035
3165,RXDX,56.07
3166,RXRA,9.945
3167,RXRX,11.09
3168,RXST,12.99
3169,RXT,5.13
3170,RYTM,26.37
3171,RZLT,1.665
3172,SABR,5.56
3173,SABRP,76.00
3174,SABS,0.8666
3175,SABSW,0.0599
3176,SAFT,86.31
3177,SAGA,10.03
3178,SAGAR,0.08
3179,SAGAU,10.1557
3180,SAGE,38.22
3181,SAIA,192.21
3182,SAL,25.75
3183,SALM,2.17
3184,SAMA,9.96
3185,SAMAU,9.94
3186,SAMAW,0.012
3187,SAMG,18.36
3188,SANA,6.00
3189,SANM,57.24
3190,SANW,0.96
3191,SASI,0.69
3192,SASR,35.10
3193,SATS,18.81
3194,SAVA,36.76
3195,SBAC,270.01
3196,SBCF,31.00
3197,SBFG,17.22
3198,SBGI,18.09
3199,SBIG,1.08
3200,SBIGW,0.042
3201,SBNY,158.70
3202,SBNYP,17.65
3203,SBRA,13.74
3204,SBSI,34.33
3205,SBT,6.40
3206,SBTX,6.14
3207,SBUX,87.10
3208,SCAQ,9.91
3209,SCHL,37.93
3210,SCHN,27.75
3211,SCKT,1.97
3212,SCLE,10.00
3213,SCLEU,10.00
3214,SCLEW,0.0095
3215,SCMAU,10.13
3216,SCMAW,0.10
3217,SCOR,1.18
3218,SCPH,5.32
3219,SCPL,13.79
3220,SCPS,0.2622
3221,SCRM,9.81
3222,SCRMU,9.90
3223,SCRMW,0.22
3224,SCSC,31.00
3225,SCTL,1.77
3226,SCVL,23.81
3227,SCWO,3.49
3228,SCWX,8.05
3229,SCYX,2.42
3230,SDAC,9.95
3231,SDACU,9.92
3232,SDACW,0.0295
3233,SDC,0.7174
3234,SDGR,24.38
3235,SDIG,0.97
3236,SEAC,0.41
3237,SEAT,8.60
3238,SEATW,2.30
3239,SEEL,0.8754
3240,SEER,7.70
3241,SEIC,53.72
3242,SELB,1.70
3243,SELF,4.77
3244,SENEA,63.74
3245,SENEB,63.23
3246,SERA,1.55
3247,SESN,0.5518
3248,SEVN,9.27
3249,SFBC,41.00
3250,SFE,3.69
3251,SFIX,3.97
3252,SFM,29.71
3253,SFNC,23.73
3254,SFST,43.79
3255,SFT,0.5331
3256,SGA,23.61
3257,SGBX,1.7037
3258,SGC,10.19
3259,SGEN,129.69
3260,SGH,13.75
3261,SGHT,7.86
3262,SGIIU,10.08
3263,SGLY,2.36
3264,SGMA,4.9601
3265,SGMO,4.42
3266,SGRP,1.84
3267,SGRY,27.39
3268,SGTX,0.5251
3269,SHAC,9.95
3270,SHACW,0.02
3271,SHBI,19.76
3272,SHC,6.92
3273,SHCA,10.14
3274,SHCAU,10.12
3275,SHCAW,0.04
3276,SHCR,1.91
3277,SHCRW,0.20
3278,SHEN,22.50
3279,SHFS,3.02
3280,SHFSW,0.092
3281,SHLS,22.21
3282,SHOO,29.91
3283,SHPH,2.81
3284,SHQA,10.01
3285,SHQAW,0.03
3286,SHYF,22.72
3287,SIBN,18.64
3288,SIDU,1.80
3289,SIEB,1.58
3290,SIEN,0.2096
3291,SIER,10.05
3292,SIGA,9.24
3293,SIGI,97.06
3294,SIGIP,16.7208
3295,SILK,45.40
3296,SILO,3.82
3297,SINT,0.102
3298,SIRI,6.17
3299,SITM,94.42
3300,SIVB,234.15
3301,SIVBP,18.76
3302,SKGR,10.08
3303,SKGRU,10.08
3304,SKGRW,0.08
3305,SKIN,11.82
3306,SKYA,9.92
3307,SKYT,8.16
3308,SKYW,17.69
3309,SKYX,3.53
3310,SLAB,118.65
3311,SLAM,9.95
3312,SLAMU,9.9608
3313,SLAMW,0.051
3314,SLDB,6.11
3315,SLDP,5.55
3316,SLDPW,1.12
3317,SLGC,3.30
3318,SLGCW,0.4283
3319,SLGG,0.7215
3320,SLM,16.78
3321,SLMBP,57.26
3322,SLNG,8.02
3323,SLNH,1.20
3324,SLNHP,3.8288
3325,SLNO,1.05
3326,SLP,42.59
3327,SLRC,13.74
3328,SLRX,2.03
3329,SLS,4.27
3330,SLVR,9.85
3331,SLVRU,9.87
3332,SLVRW,0.1401
3333,SMAP,10.04
3334,SMAPU,10.10
3335,SMAPW,0.09
3336,SMBC,50.33
3337,SMBK,29.64
3338,SMCI,68.72
3339,SMFL,0.41
3340,SMFR,1.045
3341,SMFRW,0.1575
3342,SMID,23.9493
3343,SMIT,1.61
3344,SMLR,42.84
3345,SMMF,29.39
3346,SMMT,1.10
3347,SMPL,37.08
3348,SMSI,2.27
3349,SMTC,27.94
3350,SMTI,30.05
3351,SNAX,0.3094
3352,SNAXW,0.0799
3353,SNBR,29.01
3354,SNCE,1.49
3355,SNCR,1.05
3356,SNCRL,20.25
3357,SNCY,16.41
3358,SND,2.23
3359,SNDX,23.72
3360,SNES,0.1681
3361,SNEX,96.00
3362,SNFCA,6.18
3363,SNGX,0.70
3364,SNOA,1.93
3365,SNPO,11.92
3366,SNPS,295.84
3367,SNPX,6.82
3368,SNRH,10.00
3369,SNRHU,10.0104
3370,SNRHW,0.0248
3371,SNSE,1.46
3372,SNTI,2.31
3373,SOBR,3.31
3374,SOFI,5.45
3375,SOFO,1.01
3376,SOHO,2.26
3377,SOHOB,20.5601
3378,SOHON,21.50
3379,SOHOO,21.0999
3380,SOND,2.18
3381,SONDW,0.18
3382,SONM,0.4132
3383,SONN,1.16
3384,SONO,15.98
3385,SOPA,1.59
3386,SOTK,7.2677
3387,SOUN,2.55
3388,SOUNW,0.2725
3389,SOVO,14.15
3390,SP,37.10
3391,SPCM,10.205
3392,SPCMU,10.29
3393,SPCMW,0.14
3394,SPFI,31.19
3395,SPKB,9.95
3396,SPKBU,10.01
3397,SPKBW,0.1199
3398,SPLK,83.81
3399,SPNE,6.30
3400,SPOK,8.61
3401,SPPI,0.467
3402,SPRB,1.16
3403,SPRO,1.97
3404,SPSC,128.82
3405,SPT,60.46
3406,SPTK,9.93
3407,SPTKU,9.93
3408,SPTKW,0.07
3409,SPTN,35.54
3410,SPWH,8.96
3411,SPWR,17.89
3412,SQFT,1.20
3413,SQFTP,21.01
3414,SQFTW,0.085
3415,SQL,0.6346
3416,SQLLW,0.0501
3417,SRAX,1.70
3418,SRCE,58.70
3419,SRCL,44.17
3420,SRDX,33.59
3421,SRGA,3.0999
3422,SRNE,1.62
3423,SRPT,115.28
3424,SRRK,9.26
3425,SRSA,10.05
3426,SRSAU,10.0398
3427,SRTS,13.99
3428,SRZN,2.35
3429,SRZNW,0.2293
3430,SSAA,9.92
3431,SSAAU,9.93
3432,SSAAW,0.0201
3433,SSB,89.96
3434,SSBI,14.98
3435,SSBK,29.45
3436,SSIC,10.45
3437,SSKN,0.8895
3438,SSNC,51.31
3439,SSNT,4.43
3440,SSP,14.62
3441,SSSS,4.13
3442,SSSSL,23.85
3443,SSTI,37.52
3444,SSYS,14.32
3445,STAA,71.17
3446,STAB,0.1451
3447,STAF,2.54
3448,STBA,37.41
3449,STCN,1.38
3450,STEL,31.56
3451,STEP,29.98
3452,STER,20.04
3453,STIM,3.27
3454,STIX,1.71
3455,STIXW,0.0495
3456,STKS,7.61
3457,STLD,94.43
3458,STOK,15.69
3459,STRA,69.90
3460,STRC,2.00
3461,STRCW,0.1533
3462,STRL,27.25
3463,STRM,1.6803
3464,STRN,1.42
3465,STRNW,0.21
3466,STRO,7.23
3467,STRR,1.05
3468,STRRP,9.59
3469,STRS,27.44
3470,STRT,23.98
3471,STSA,5.06
3472,STSS,1.03
3473,STSSW,0.2864
3474,STTK,2.655
3475,SUMO,7.54
3476,SUNW,2.26
3477,SUPN,34.77
3478,SURF,1.26
3479,SURG,5.56
3480,SURGW,1.74
3481,SVC,7.98
3482,SVFA,10.00
3483,SVFAU,10.00
3484,SVFAW,0.0384
3485,SVFB,9.97
3486,SVII,10.06
3487,SVIIR,0.18
3488,SVIIU,10.25
3489,SVIIW,0.1695
3490,SVNA,10.13
3491,SVNAU,10.1899
3492,SVNAW,0.0705
3493,SVRA,1.24
3494,SVVC,1.30
3495,SWAV,284.66
3496,SWBI,11.30
3497,SWET,9.94
3498,SWETU,9.92
3499,SWETW,0.03
3500,SWIM,4.46
3501,SWKH,18.89
3502,SWKS,88.06
3503,SWSS,10.05
3504,SWSSU,10.03
3505,SWSSW,0.0194
3506,SWTX,25.36
3507,SYBT,78.44
3508,SYBX,0.8689
3509,SYM,12.68
3510,SYNA,93.06
3511,SYNH,50.72
3512,SYPR,2.03
3513,SYRS,4.64
3514,SZZL,10.13
3515,SZZLU,10.20
3516,SZZLW,0.2497
3517,TA,64.11
3518,TACT,4.08
3519,TAIT,3.905
3520,TALK,0.7453
3521,TALKW,0.1996
3522,TALS,1.59
3523,TANNI,25.13
3524,TANNL,25.18
3525,TANNZ,25.10
3526,TARA,3.21
3527,TARS,18.72
3528,TASK,20.97
3529,TAST,1.68
3530,TAYD,12.36
3531,TBBK,28.37
3532,TBCP,9.92
3533,TBCPU,9.9354
3534,TBCPW,0.059
3535,TBK,51.30
3536,TBKCP,22.9528
3537,TBLD,13.655
3538,TBLT,2.15
3539,TBLTW,0.1301
3540,TBNK,20.68
3541,TCBC,14.974
3542,TCBI,60.19
3543,TCBIO,20.00
3544,TCBK,57.11
3545,TCBS,15.36
3546,TCBX,19.54
3547,TCDA,0.383
3548,TCFC,37.79
3549,TCMD,7.45
3550,TCON,1.61
3551,TCPC,11.95
3552,TCRR,1.56
3553,TCRT,1.19
3554,TCRX,2.835
3555,TCVA,9.86
3556,TDUP,1.26
3557,TECH,295.50
3558,TELA,9.13
3559,TENB,40.56
3560,TENKU,10.07
3561,TENX,0.134
3562,TER,83.35
3563,TERN,6.81
3564,TESS,4.82
3565,TETC,9.90
3566,TFFP,2.69
3567,TFSL,14.23
3568,TGAN,6.92
3569,TGL,1.82
3570,TGTX,5.72
3571,TGVC,10.04
3572,TGVCW,0.04
3573,TH,12.06
3574,THAC,10.21
3575,THACU,10.22
3576,THACW,0.05
3577,THCA,10.42
3578,THCAW,0.0803
3579,THCP,9.81
3580,THCPU,9.77
3581,THFF,48.88
3582,THMO,0.1008
3583,THRD,22.39
3584,THRM,57.23
3585,THRN,5.09
3586,THRX,5.50
3587,THRY,21.12
3588,THWWW,3.53
3589,TIG,3.52
3590,TIL,5.25
3591,TILE,11.37
3592,TIPT,11.89
3593,TITN,34.20
3594,TIVC,1.54
3595,TKNO,4.43
3596,TLF,4.10
3597,TLGY,10.11
3598,TLGYU,10.14
3599,TLGYW,0.04
3600,TLIS,0.6563
3601,TLS,10.90
3602,TMCI,24.03
3603,TMDX,48.66
3604,TMKR,10.05
3605,TMKRU,10.11
3606,TMKRW,0.21
3607,TMUS,151.00
3608,TNDM,56.10
3609,TNGX,8.16
3610,TNON,1.84
3611,TNXP,0.4701
3612,TNYA,2.86
3613,TOAC,10.25
3614,TOACU,10.27
3615,TOACW,0.03
3616,TOI,4.83
3617,TOIIW,0.6501
3618,TOMZ,0.70
3619,TOWN,32.40
3620,TPBA,9.86
3621,TPBAU,10.04
3622,TPBAW,0.5969
3623,TPG,30.61
3624,TPIC,9.54
3625,TPST,1.95
3626,TRDA,22.65
3627,TREE,24.91
3628,TRHC,3.58
3629,TRIN,12.03
3630,TRINL,24.85
3631,TRIP,23.49
3632,TRKA,0.2997
3633,TRKAW,0.086
3634,TRMB,60.24
3635,TRMK,36.30
3636,TRNS,82.17
3637,TRON,10.15
3638,TRONW,0.0146
3639,TROW,108.64
3640,TRS,23.41
3641,TRST,37.35
3642,TRUE,1.52
3643,TRUP,50.10
3644,TRVI,1.96
3645,TRVN,0.1702
3646,TSBK,29.30
3647,TSCO,223.14
3648,TSHA,1.73
3649,TSIB,10.00
3650,TSIBU,10.00
3651,TSIBW,0.01
3652,TSLA,228.52
3653,TSP,6.31
3654,TSRI,7.20
3655,TSVT,15.24
3656,TTCF,4.72
3657,TTD,53.71
3658,TTEC,45.26
3659,TTEK,141.03
3660,TTGT,66.25
3661,TTMI,15.35
3662,TTNP,1.0544
3663,TTOO,1.79
3664,TTSH,3.86
3665,TTWO,124.02
3666,TUEM,0.1322
3667,TURN,5.6417
3668,TUSK,5.47
3669,TVTX,22.94
3670,TW,55.67
3671,TWCB,9.77
3672,TWCBU,9.76
3673,TWIN,12.99
3674,TWKS,9.59
3675,TWLV,9.91
3676,TWLVU,9.92
3677,TWLVW,0.01
3678,TWNK,26.26
3679,TWOU,6.18
3680,TWST,33.38
3681,TXG,27.38
3682,TXMD,5.96
3683,TXN,161.36
3684,TXRH,98.71
3685,TYDE,0.571
3686,TYRA,7.05
3687,TZOO,5.07
3688,TZPS,9.98
3689,TZPSU,9.9901
3690,TZPSW,0.0139
3691,UAL,43.72
3692,UBCP,15.10
3693,UBFO,7.16
3694,UBSI,42.13
3695,UBX,2.54
3696,UCBI,38.60
3697,UCBIO,23.88
3698,UCTT,32.25
3699,UDMY,14.73
3700,UEIC,20.43
3701,UFCS,26.12
3702,UFPI,72.15
3703,UFPT,92.50
3704,UG,13.93
3705,UGRO,3.93
3706,UHAL,584.25
3707,UIHC,0.4033
3708,UK,1.80
3709,UKOMW,0.0359
3710,ULBI,4.94
3711,ULCC,12.48
3712,ULH,32.96
3713,ULTA,416.14
3714,UMBF,80.49
3715,UMPQ,19.93
3716,UNAM,1.46
3717,UNB,25.6902
3718,UNCY,0.68
3719,UNIT,7.68
3720,UNTY,28.18
3721,UONE,6.07
3722,UONEK,4.96
3723,UPLD,7.80
3724,UPST,23.68
3725,UPTD,10.10
3726,UPTDU,10.06
3727,UPWK,13.40
3728,UPXI,5.19
3729,URBN,24.68
3730,USAP,7.40
3731,USAU,3.7299
3732,USCB,13.83
3733,USCT,10.2192
3734,USCTU,10.22
3735,USCTW,0.0356
3736,USEG,2.89
3737,USIO,2.04
3738,USLM,126.50
3739,USWS,7.22
3740,USWSW,0.058
3741,UTAA,10.09
3742,UTAAU,10.15
3743,UTAAW,0.18
3744,UTHR,232.15
3745,UTMD,90.61
3746,UTRS,0.382
3747,UVSP,28.30
3748,VABK,33.28
3749,VALU,61.60
3750,VANI,1.87
3751,VAQC,9.97
3752,VAXX,1.44
3753,VBFC,48.8978
3754,VBIV,0.7257
3755,VBOC,9.92
3756,VBOCU,10.00
3757,VBOCW,0.06
3758,VBTX,31.52
3759,VC,126.00
3760,VCEL,26.35
3761,VCNX,0.5805
3762,VCSA,3.45
3763,VCTR,29.22
3764,VCXA,10.04
3765,VCXAU,10.03
3766,VCXAW,0.0201
3767,VCYT,19.31
3768,VECO,18.56
3769,VEEE,2.20
3770,VELO,9.945
3771,VELOW,0.0162
3772,VENA,9.10
3773,VENAR,0.44
3774,VENAU,9.40
3775,VENAW,0.089
3776,VERA,18.64
3777,VERB,0.2193
3778,VERBW,0.0999
3779,VERI,7.08
3780,VERO,0.2468
3781,VERU,12.21
3782,VERV,40.70
3783,VERX,17.81
3784,VERY,6.87
3785,VHNA,10.12
3786,VHNAU,10.14
3787,VHNAW,0.0702
3788,VIA,6.91
3789,VIASP,23.936
3790,VIAV,15.25
3791,VICR,49.95
3792,VIEW,1.17
3793,VIEWW,0.07
3794,VIGL,15.99
3795,VII,9.995
3796,VIIAW,0.022
3797,VINC,1.07
3798,VINO,0.19
3799,VIR,22.65
3800,VIRC,4.21
3801,VIRI,0.275
3802,VIRT,22.58
3803,VIRX,3.68
3804,VISL,0.4051
3805,VITL,12.91
3806,VIVE,0.58
3807,VIVK,1.12
3808,VIVO,32.01
3809,VKTX,4.16
3810,VLCN,1.52
3811,VLDR,0.9551
3812,VLDRW,0.4301
3813,VLGEA,22.28
3814,VLON,0.2749
3815,VLY,11.97
3816,VLYPO,24.14
3817,VLYPP,22.80
3818,VMCA,10.21
3819,VMCAW,0.05
3820,VMD,6.49
3821,VMEO,3.67
3822,VMGA,10.06
3823,VMGAU,9.99
3824,VNDA,10.61
3825,VNOM,33.10
3826,VOR,4.83
3827,VORB,2.92
3828,VORBW,0.2835
3829,VOXX,8.86
3830,VPCB,9.974
3831,VPCBU,9.95
3832,VRA,3.19
3833,VRAR,4.74
3834,VRAY,4.33
3835,VRCA,2.42
3836,VRDN,20.03
3837,VREX,21.99
3838,VRM,1.04
3839,VRME,1.05
3840,VRMEW,0.1667
3841,VRNS,27.00
3842,VRNT,35.40
3843,VRPX,1.03
3844,VRRM,17.25
3845,VRSK,181.12
3846,VRSN,203.37
3847,VRTS,175.20
3848,VRTX,313.89
3849,VSAC,10.10
3850,VSACU,10.13
3851,VSACW,0.04
3852,VSAT,40.98
3853,VSEC,44.98
3854,VSTM,0.405
3855,VTGN,0.13
3856,VTIQ,9.94
3857,VTIQU,9.90
3858,VTIQW,0.10
3859,VTNR,8.41
3860,VTRS,10.07
3861,VTSI,5.10
3862,VTVT,0.8805
3863,VTYX,32.21
3864,VUZI,5.10
3865,VVOS,0.735
3866,VWE,2.84
3867,VWEWW,0.32
3868,VXRT,1.73
3869,VYGR,5.32
3870,VYNE,0.2515
3871,VYNT,0.4862
3872,WABC,63.02
3873,WAFD,38.57
3874,WAFDP,17.73
3875,WALD,8.9599
3876,WALDW,0.705
3877,WASH,48.47
3878,WATT,1.21
3879,WAVD,0.90
3880,WAVSU,10.04
3881,WAVSW,0.0004
3882,WBA,36.58
3883,WBD,12.95
3884,WDAY,157.65
3885,WDC,35.50
3886,WDFC,163.16
3887,WEN,20.97
3888,WERN,38.74
3889,WEST,10.93
3890,WESTW,1.17
3891,WETF,5.40
3892,WEYS,25.80
3893,WFCF,10.98
3894,WFRD,41.20
3895,WHF,12.61
3896,WHLM,4.16
3897,WHLR,1.70
3898,WHLRD,11.755
3899,WHLRP,2.63
3900,WINA,250.72
3901,WING,160.75
3902,WINT,0.18
3903,WINV,10.07
3904,WINVR,0.0401
3905,WIRE,134.73
3906,WISA,0.5202
3907,WISH,0.7222
3908,WKHS,2.61
3909,WLDN,14.26
3910,WLFC,38.27
3911,WMG,26.20
3912,WMPN,11.39
3913,WNEB,8.80
3914,WOOF,10.62
3915,WORX,0.626
3916,WRAP,1.19
3917,WRLD,77.39
3918,WSBC,40.44
3919,WSBCP,25.47
3920,WSBF,17.20
3921,WSC,42.78
3922,WSFS,46.32
3923,WSTG,31.11
3924,WTBA,22.78
3925,WTER,0.3051
3926,WTFC,93.23
3927,WTFCM,24.50
3928,WTFCP,25.41
3929,WTMA,10.03
3930,WTMAR,0.0549
3931,WTMAU,10.08
3932,WTRH,0.1461
3933,WULF,1.20
3934,WVVI,6.07
3935,WVVIP,4.98
3936,WW,4.36
3937,WWAC,10.06
3938,WWACU,10.04
3939,WWACW,0.0289
3940,WWD,92.80
3941,WYNN,58.30
3942,XAIR,6.92
3943,XBIO,0.4633
3944,XBIT,3.56
3945,XCUR,1.41
3946,XEL,65.37
3947,XELA,0.2435
3948,XELAP,4.0487
3949,XELB,0.97
3950,XERS,1.65
3951,XFIN,10.09
3952,XFOR,1.95
3953,XGN,2.56
3954,XLO,2.34
3955,XM,11.79
3956,XMTR,60.00
3957,XNCR,29.31
3958,XOMA,16.85
3959,XOMAO,22.09
3960,XOMAP,22.75
3961,XOS,1.08
3962,XOSWW,0.1268
3963,XPAX,9.87
3964,XPAXU,9.88
3965,XPAXW,0.0473
3966,XPDB,9.92
3967,XPDBU,9.93
3968,XPDBW,0.07
3969,XPEL,67.43
3970,XPON,1.93
3971,XRAY,30.86
3972,XRX,14.40
3973,XWEL,0.65
3974,XXII,1.33
3975,YELL,4.23
3976,YMAB,8.93
3977,YMTX,1.7072
3978,YORW,43.63
3979,YOSH,1.26
3980,YOTA,9.9117
3981,YOTAR,0.12
3982,YOTAU,10.00
3983,YOTAW,0.0351
3984,YTEN,2.96
3985,Z,30.86
3986,ZBRA,288.00
3987,ZD,78.59
3988,ZEST,0.7202
3989,ZEUS,27.04
3990,ZFOX,4.50
3991,ZFOXW,0.125
3992,ZG,30.94
3993,ZI,45.18
3994,ZIMV,8.20
3995,ZING,9.98
3996,ZINGU,9.99
3997,ZINGW,0.0579
3998,ZION,51.54
3999,ZIONL,25.83
4000,ZIONO,25.205
4001,ZIONP,17.6686
4002,ZIVO,3.29
4003,ZIVOW,0.80
4004,ZM,84.21
4005,ZNTL,25.21
4006,ZS,153.96
4007,ZT,9.86
4008,ZTAQU,9.90
4009,ZTAQW,0.1962
4010,ZUMZ,22.66
4011,ZVO,0.1653
4012,ZWRK,9.95
4013,ZWRKU,9.94
4014,ZWRKW,0.0122
4015,ZYNE,0.7247
4016,ZYXI,10.52
4017,IBM,138.51
4018,ORCL,77.36
4019,VZ,37.2
4020,T,18.26
